,FDT_STA_ID,Date,Year,Month,DOY,decDate,MaxDepth.x,TMin,TMean,TMax,TRange,DOMin,DOMean,DOMax,DORange,TotObs_Sta,MinYear,MaxYear,YearRange,MinDepth,MeanDepth,MaxDepth.y,MedDepth,Mean Tmax,Tmax Anom
8941,4AROA038.49,4/23/1969,1969,4,113,1969.306849,0.3,17.8,17.8,17.8,0.0,NA,NA,NA,NA,197,1968,2023,55,0.3,3.3,14.0,0.3,17.2,0.6
8945,4AROA038.49,4/20/1970,1970,4,110,1970.29863,0.3,15.0,15.0,15.0,0.0,NA,NA,NA,NA,197,1968,2023,55,0.3,3.3,14.0,0.3,,-2.2
8955,4AROA038.49,4/4/1971,1971,4,94,1971.254795,0.3,15.6,15.6,15.6,0.0,NA,NA,NA,NA,197,1968,2023,55,0.3,3.3,14.0,0.3,,-1.6
8968,4AROA038.49,4/13/1972,1972,4,104,1972.281421,0.3,13.3,13.3,13.3,0.0,NA,NA,NA,NA,197,1968,2023,55,0.3,3.3,14.0,0.3,,-3.9
8984,4AROA038.49,4/12/1973,1973,4,102,1973.276712,0.3,11.1,11.1,11.1,0.0,NA,NA,NA,NA,197,1968,2023,55,0.3,3.3,14.0,0.3,,-6.1
9018,4AROA038.49,4/26/1989,1989,4,116,1989.315068,11,12.3,14.5,18.4,6.1,5.89,7.734,11.13,5.24,197,1968,2023,55,0.3,3.3,14.0,0.3,,1.2
9037,4AROA038.49,4/24/2002,2002,4,114,2002.309589,0.3,20.7,20.7,20.7,0.0,9.29,9.29,9.29,0,197,1968,2023,55,0.3,3.3,14.0,0.3,,3.5
9045,4AROA038.49,4/19/2005,2005,4,109,2005.29589,11.37,13.5,14.9,19.3,5.8,10.43,11.164,13.34,2.91,197,1968,2023,55,0.3,3.3,14.0,0.3,,2.1
9069,4AROA038.49,4/22/2010,2010,4,112,2010.30411,6,17.3,17.9,18.5,1.2,9.1,9.7,10.2,1.1,197,1968,2023,55,0.3,3.3,14.0,0.3,,1.3
9076,4AROA038.49,4/16/2012,2012,4,107,2012.289617,7,15.4,17.5,18.8,3.5,6.39,9.428,10.64,4.25,197,1968,2023,55,0.3,3.3,14.0,0.3,,1.6
9083,4AROA038.49,4/24/2014,2014,4,114,2014.309589,7,14.6,14.9,15.7,1.1,9.13,9.543,10.3,1.17,197,1968,2023,55,0.3,3.3,14.0,0.3,,-1.5
9090,4AROA038.49,4/20/2016,2016,4,111,2016.300546,10,14.3,16.2,17.9,3.6,7.49,9.291,10.52,3.03,197,1968,2023,55,0.3,3.3,14.0,0.3,,0.8
9097,4AROA038.49,4/26/2018,2018,4,116,2018.315068,7,15.2,15.5,16.2,1.0,8.38,8.566,8.91,0.53,197,1968,2023,55,0.3,3.3,14.0,0.3,,-1.0
9104,4AROA038.49,4/10/2019,2019,4,100,2019.271233,7,13.6,16.3,18.0,4.4,9.92,10.305,10.77,0.85,197,1968,2023,55,0.3,3.3,14.0,0.3,,0.8
9115,4AROA038.49,4/13/2021,2021,4,103,2021.279452,7,17.7,18.5,19.1,1.4,7.58,8.229,8.67,1.09,197,1968,2023,55,0.3,3.3,14.0,0.3,,1.9
9121,4AROA038.49,4/13/2022,2022,4,103,2022.279452,7,14.2,15.5,17.8,3.7,8.43,9.562,11.33,2.9,197,1968,2023,55,0.3,3.3,14.0,0.3,,0.7
9128,4AROA038.49,4/17/2023,2023,4,107,2023.290411,0.3,18.9,18.9,18.9,0.0,9.48,9.48,9.48,0,197,1968,2023,55,0.3,3.3,14.0,0.3,,1.7
8946,4AROA038.49,5/13/1970,1970,5,133,1970.361644,0.3,23.3,23.3,23.3,0.0,NA,NA,NA,NA,197,1968,2023,55,0.3,3.3,14.0,0.3,21.94,1.4
8956,4AROA038.49,5/17/1971,1971,5,137,1971.372603,0.3,23.3,23.3,23.3,0.0,NA,NA,NA,NA,197,1968,2023,55,0.3,3.3,14.0,0.3,,1.4
8969,4AROA038.49,5/25/1972,1972,5,146,1972.396175,0.3,20.0,20.0,20.0,0.0,NA,NA,NA,NA,197,1968,2023,55,0.3,3.3,14.0,0.3,,-1.9
8985,4AROA038.49,5/2/1973,1973,5,122,1973.331507,0.3,18.9,18.9,18.9,0.0,NA,NA,NA,NA,197,1968,2023,55,0.3,3.3,14.0,0.3,,-3.0
8996,4AROA038.49,5/10/1974,1974,5,130,1974.353425,0.3,17.8,17.8,17.8,0.0,NA,NA,NA,NA,197,1968,2023,55,0.3,3.3,14.0,0.3,,-4.2
9003,4AROA038.49,5/15/1975,1975,5,135,1975.367123,0.3,21.1,21.1,21.1,0.0,NA,NA,NA,NA,197,1968,2023,55,0.3,3.3,14.0,0.3,,-0.8
9011,4AROA038.49,5/20/1976,1976,5,141,1976.382514,0.3,20.0,20.0,20.0,0.0,NA,NA,NA,NA,197,1968,2023,55,0.3,3.3,14.0,0.3,,-1.9
9014,4AROA038.49,5/24/1978,1978,5,144,1978.391781,0.3,22.0,22.0,22.0,0.0,NA,NA,NA,NA,197,1968,2023,55,0.3,3.3,14.0,0.3,,0.1
9027,4AROA038.49,5/24/2000,2000,5,145,2000.393443,7,20.2,23.6,25.7,5.5,2.3,6.763,9.1,6.8,197,1968,2023,55,0.3,3.3,14.0,0.3,,3.8
9043,4AROA038.49,5/29/2003,2003,5,149,2003.405479,0.3,18.7,18.7,18.7,0.0,6.43,6.43,6.43,0,197,1968,2023,55,0.3,3.3,14.0,0.3,,-3.2
9046,4AROA038.49,5/18/2005,2005,5,138,2005.375342,9.5,16.0,19.7,22.3,6.4,3.27,5.961,9.13,5.86,197,1968,2023,55,0.3,3.3,14.0,0.3,,0.4
9059,4AROA038.49,5/8/2007,2007,5,128,2007.347945,0.3,18.7,18.7,18.7,0.0,7.7,7.7,7.7,0,197,1968,2023,55,0.3,3.3,14.0,0.3,,-3.2
9065,4AROA038.49,5/29/2008,2008,5,150,2008.407104,0.3,23.5,23.5,23.5,0.0,8.7,8.7,8.7,0,197,1968,2023,55,0.3,3.3,14.0,0.3,,1.6
9070,4AROA038.49,5/4/2010,2010,5,124,2010.336986,7,17.6,20.7,21.6,4.0,4.7,8.95,9.9,5.2,197,1968,2023,55,0.3,3.3,14.0,0.3,,-0.3
9077,4AROA038.49,5/7/2012,2012,5,128,2012.346995,7,17.0,19.6,22.4,5.4,3.85,8.043,10.25,6.4,197,1968,2023,55,0.3,3.3,14.0,0.3,,0.5
9084,4AROA038.49,5/14/2014,2014,5,134,2014.364384,7,17.3,22.4,28.3,10.9,3.64,8.283,12.19,8.55,197,1968,2023,55,0.3,3.3,14.0,0.3,,6.3
9091,4AROA038.49,5/10/2016,2016,5,131,2016.355191,9,16.6,17.6,21.5,4.8,7.45,7.872,9,1.55,197,1968,2023,55,0.3,3.3,14.0,0.3,,-0.5
9098,4AROA038.49,5/22/2018,2018,5,142,2018.386301,9,20.9,21.2,21.7,0.9,5.27,5.376,5.52,0.25,197,1968,2023,55,0.3,3.3,14.0,0.3,,-0.2
9105,4AROA038.49,5/15/2019,2019,5,135,2019.367123,7,20.2,20.6,22.0,1.8,6.77,7.066,7.51,0.74,197,1968,2023,55,0.3,3.3,14.0,0.3,,0.1
9116,4AROA038.49,5/25/2021,2021,5,145,2021.394521,7,19.4,23.0,24.4,5.0,4.65,8.435,10.26,5.61,197,1968,2023,55,0.3,3.3,14.0,0.3,,2.4
9122,4AROA038.49,5/19/2022,2022,5,139,2022.378082,6,19.5,21.5,22.5,3.1,6.47,7.759,8.64,2.17,197,1968,2023,55,0.3,3.3,14.0,0.3,,0.6
9129,4AROA038.49,5/24/2023,2023,5,144,2023.391781,0.3,22.9,22.9,22.9,0.0,9.07,9.07,9.07,0,197,1968,2023,55,0.3,3.3,14.0,0.3,,0.9
8957,4AROA038.49,6/29/1971,1971,6,180,1971.490411,0.3,31.1,31.1,31.1,0.0,NA,NA,NA,NA,197,1968,2023,55,0.3,3.3,14.0,0.3,26.74,4.4
8970,4AROA038.49,6/8/1972,1972,6,160,1972.434426,0.3,23.9,23.9,23.9,0.0,NA,NA,NA,NA,197,1968,2023,55,0.3,3.3,14.0,0.3,,-2.8
8986,4AROA038.49,6/3/1973,1973,6,154,1973.419178,0.3,26.7,26.7,26.7,0.0,NA,NA,NA,NA,197,1968,2023,55,0.3,3.3,14.0,0.3,,-0.1
8987,4AROA038.49,6/17/1973,1973,6,168,1973.457534,0.3,28.9,28.9,28.9,0.0,NA,NA,NA,NA,197,1968,2023,55,0.3,3.3,14.0,0.3,,2.2
8988,4AROA038.49,6/19/1973,1973,6,170,1973.463014,0.3,27.8,27.8,27.8,0.0,NA,NA,NA,NA,197,1968,2023,55,0.3,3.3,14.0,0.3,,1.0
8997,4AROA038.49,6/26/1974,1974,6,177,1974.482192,0.3,25.0,25.0,25.0,0.0,NA,NA,NA,NA,197,1968,2023,55,0.3,3.3,14.0,0.3,,-1.7
9004,4AROA038.49,6/3/1975,1975,6,154,1975.419178,0.3,25.6,25.6,25.6,0.0,NA,NA,NA,NA,197,1968,2023,55,0.3,3.3,14.0,0.3,,-1.2
9005,4AROA038.49,6/13/1975,1975,6,164,1975.446575,0.3,21.1,21.1,21.1,0.0,NA,NA,NA,NA,197,1968,2023,55,0.3,3.3,14.0,0.3,,-5.6
9012,4AROA038.49,6/21/1976,1976,6,173,1976.469945,0.3,25.0,25.0,25.0,0.0,NA,NA,NA,NA,197,1968,2023,55,0.3,3.3,14.0,0.3,,-1.7
9013,4AROA038.49,6/15/1977,1977,6,166,1977.452055,0.3,23.0,23.0,23.0,0.0,NA,NA,NA,NA,197,1968,2023,55,0.3,3.3,14.0,0.3,,-3.7
9015,4AROA038.49,6/29/1978,1978,6,180,1978.490411,0.3,30.0,30.0,30.0,0.0,NA,NA,NA,NA,197,1968,2023,55,0.3,3.3,14.0,0.3,,3.3
9028,4AROA038.49,6/28/2000,2000,6,180,2000.489071,11,21.5,25.8,28.8,7.3,0.1,3.525,8.7,8.6,197,1968,2023,55,0.3,3.3,14.0,0.3,,2.1
9038,4AROA038.49,6/11/2002,2002,6,162,2002.441096,0.3,28.8,28.8,28.8,0.0,9.86,9.86,9.86,0,197,1968,2023,55,0.3,3.3,14.0,0.3,,2.0
9044,4AROA038.49,6/19/2003,2003,6,170,2003.463014,0.3,25.1,25.1,25.1,0.0,6.47,6.47,6.47,0,197,1968,2023,55,0.3,3.3,14.0,0.3,,-1.7
9047,4AROA038.49,6/14/2005,2005,6,165,2005.449315,9,19.7,23.9,28.6,8.9,0.89,4.306,8.58,7.69,197,1968,2023,55,0.3,3.3,14.0,0.3,,1.9
9071,4AROA038.49,6/10/2010,2010,6,161,2010.438356,7,25.3,26.0,26.8,1.5,5,7.275,8.4,3.4,197,1968,2023,55,0.3,3.3,14.0,0.3,,0.1
9078,4AROA038.49,6/19/2012,2012,6,171,2012.464481,7,24.5,25.0,25.4,0.9,6.02,8.286,9.53,3.51,197,1968,2023,55,0.3,3.3,14.0,0.3,,-1.3
9085,4AROA038.49,6/24/2014,2014,6,175,2014.476712,7,27.3,27.8,28.6,1.3,4.88,7.005,8.55,3.67,197,1968,2023,55,0.3,3.3,14.0,0.3,,1.9
9092,4AROA038.49,6/6/2016,2016,6,158,2016.428962,7,22.8,25.7,27.1,4.3,5.15,6.499,7.8,2.65,197,1968,2023,55,0.3,3.3,14.0,0.3,,0.3
9099,4AROA038.49,6/25/2018,2018,6,176,2018.479452,7,24.8,27.7,29.6,4.8,0.33,4.145,7.96,7.63,197,1968,2023,55,0.3,3.3,14.0,0.3,,2.8
9106,4AROA038.49,6/5/2019,2019,6,156,2019.424658,7,23.5,25.4,25.9,2.5,2.15,6.494,7.84,5.69,197,1968,2023,55,0.3,3.3,14.0,0.3,,-0.8
9117,4AROA038.49,6/1/2021,2021,6,152,2021.413699,7,20.3,22.7,24.6,4.3,1.98,6.582,9.5,7.52,197,1968,2023,55,0.3,3.3,14.0,0.3,,-2.2
9123,4AROA038.49,6/8/2022,2022,6,159,2022.432877,7,23.3,25.6,27.7,4.4,3.48,7.849,10.22,6.74,197,1968,2023,55,0.3,3.3,14.0,0.3,,0.9
9130,4AROA038.49,6/28/2023,2023,6,179,2023.487671,0.3,26.8,26.8,26.8,0.0,9.86,9.86,9.86,0,197,1968,2023,55,0.3,3.3,14.0,0.3,,0.1
8937,4AROA038.49,7/11/1968,1968,7,193,1968.52459,0.3,26.7,26.7,26.7,0.0,NA,NA,NA,NA,197,1968,2023,55,0.3,3.3,14.0,0.3,29.31,-2.6
8942,4AROA038.49,7/17/1969,1969,7,198,1969.539726,0.3,31.7,31.7,31.7,0.0,NA,NA,NA,NA,197,1968,2023,55,0.3,3.3,14.0,0.3,,2.4
8947,4AROA038.49,7/29/1970,1970,7,210,1970.572603,0.3,31.1,31.1,31.1,0.0,NA,NA,NA,NA,197,1968,2023,55,0.3,3.3,14.0,0.3,,1.8
8948,4AROA038.49,7/30/1970,1970,7,211,1970.575342,0.3,30.6,30.6,30.6,0.0,NA,NA,NA,NA,197,1968,2023,55,0.3,3.3,14.0,0.3,,1.2
8958,4AROA038.49,7/16/1971,1971,7,197,1971.536986,0.3,27.8,27.8,27.8,0.0,NA,NA,NA,NA,197,1968,2023,55,0.3,3.3,14.0,0.3,,-1.5
8959,4AROA038.49,7/27/1971,1971,7,208,1971.567123,0.3,27.8,27.8,27.8,0.0,NA,NA,NA,NA,197,1968,2023,55,0.3,3.3,14.0,0.3,,-1.5
8971,4AROA038.49,7/2/1972,1972,7,184,1972.5,0.3,24.4,24.4,24.4,0.0,NA,NA,NA,NA,197,1968,2023,55,0.3,3.3,14.0,0.3,,-4.9
8972,4AROA038.49,7/18/1972,1972,7,200,1972.543716,0.3,30.0,30.0,30.0,0.0,NA,NA,NA,NA,197,1968,2023,55,0.3,3.3,14.0,0.3,,0.7
8973,4AROA038.49,7/25/1972,1972,7,207,1972.562842,0.3,30.0,30.0,30.0,0.0,NA,NA,NA,NA,197,1968,2023,55,0.3,3.3,14.0,0.3,,0.7
8989,4AROA038.49,7/5/1973,1973,7,186,1973.506849,0.3,30.0,30.0,30.0,0.0,NA,NA,NA,NA,197,1968,2023,55,0.3,3.3,14.0,0.3,,0.7
8998,4AROA038.49,7/9/1974,1974,7,190,1974.517808,0.3,30.0,30.0,30.0,0.0,NA,NA,NA,NA,197,1968,2023,55,0.3,3.3,14.0,0.3,,0.7
8999,4AROA038.49,7/30/1974,1974,7,211,1974.575342,0.3,28.9,28.9,28.9,0.0,NA,NA,NA,NA,197,1968,2023,55,0.3,3.3,14.0,0.3,,-0.4
9006,4AROA038.49,7/17/1975,1975,7,198,1975.539726,0.3,25.0,25.0,25.0,0.0,NA,NA,NA,NA,197,1968,2023,55,0.3,3.3,14.0,0.3,,-4.3
9007,4AROA038.49,7/23/1975,1975,7,204,1975.556164,0.3,27.8,27.8,27.8,0.0,NA,NA,NA,NA,197,1968,2023,55,0.3,3.3,14.0,0.3,,-1.5
9017,4AROA038.49,7/9/1979,1979,7,190,1979.517808,0.3,26.0,26.0,26.0,0.0,NA,NA,NA,NA,197,1968,2023,55,0.3,3.3,14.0,0.3,,-3.3
9019,4AROA038.49,7/11/1989,1989,7,192,1989.523288,13,22.5,24.5,28.4,5.9,4.88,5.901,9.23,4.35,197,1968,2023,55,0.3,3.3,14.0,0.3,,-0.9
9020,4AROA038.49,7/12/1989,1989,7,193,1989.526027,14,22.6,25.6,29.8,7.1,4.38,5.943,9.83,5.45,197,1968,2023,55,0.3,3.3,14.0,0.3,,0.4
9021,4AROA038.49,7/31/1989,1989,7,212,1989.578082,13,25.5,27.2,28.5,3.0,4.27,6.312,8.36,4.09,197,1968,2023,55,0.3,3.3,14.0,0.3,,-0.8
9026,4AROA038.49,7/26/1994,1994,7,207,1994.564384,12,25.8,27.5,29.1,3.3,4.08,5.512,8.33,4.25,197,1968,2023,55,0.3,3.3,14.0,0.3,,-0.2
9029,4AROA038.49,7/13/2000,2000,7,195,2000.530055,12,24.4,27.6,28.6,4.2,0.1,4.891,8.1,8,197,1968,2023,55,0.3,3.3,14.0,0.3,,-0.7
9030,4AROA038.49,7/27/2000,2000,7,209,2000.568306,12,24.3,25.7,28.6,4.3,3.9,4.982,7.4,3.5,197,1968,2023,55,0.3,3.3,14.0,0.3,,-0.7
9048,4AROA038.49,7/20/2005,2005,7,201,2005.547945,10.2,23.7,27.7,31.8,8.1,0.16,3.887,9.8,9.64,197,1968,2023,55,0.3,3.3,14.0,0.3,,2.5
9060,4AROA038.49,7/16/2007,2007,7,197,2007.536986,0.3,30.0,30.0,30.0,0.0,9.9,9.9,9.9,0,197,1968,2023,55,0.3,3.3,14.0,0.3,,0.7
9066,4AROA038.49,7/9/2008,2008,7,191,2008.519126,0.3,27.7,27.7,27.7,0.0,7.9,7.9,7.9,0,197,1968,2023,55,0.3,3.3,14.0,0.3,,-1.6
9072,4AROA038.49,7/15/2010,2010,7,196,2010.534247,10,24.3,28.2,30.6,6.3,0,4,9.7,9.7,197,1968,2023,55,0.3,3.3,14.0,0.3,,1.3
9079,4AROA038.49,7/10/2012,2012,7,192,2012.521858,6,26.8,29.6,30.6,3.7,0.65,6.08,8.14,7.49,197,1968,2023,55,0.3,3.3,14.0,0.3,,1.2
9086,4AROA038.49,7/2/2014,2014,7,183,2014.49863,7,27.6,28.6,29.2,1.6,3.07,7.213,8.6,5.53,197,1968,2023,55,0.3,3.3,14.0,0.3,,-0.1
9093,4AROA038.49,7/26/2016,2016,7,208,2016.565574,6,29.1,31.4,33.0,3.9,1.53,7.506,10.05,8.52,197,1968,2023,55,0.3,3.3,14.0,0.3,,3.7
9100,4AROA038.49,7/23/2018,2018,7,204,2018.556164,6,28.4,28.4,28.5,0.2,6.29,6.354,6.44,0.15,197,1968,2023,55,0.3,3.3,14.0,0.3,,-0.8
9107,4AROA038.49,7/17/2019,2019,7,198,2019.539726,7,28.2,30.2,32.2,4.0,2.79,7.531,10.26,7.47,197,1968,2023,55,0.3,3.3,14.0,0.3,,2.9
9111,4AROA038.49,7/28/2020,2020,7,210,2020.571038,7,28.3,30.3,32.0,3.7,1.44,6.438,10.25,8.81,197,1968,2023,55,0.3,3.3,14.0,0.3,,2.7
9118,4AROA038.49,7/1/2021,2021,7,182,2021.49589,0.3,30.1,30.1,30.1,0.0,10.22,10.22,10.22,0,197,1968,2023,55,0.3,3.3,14.0,0.3,,0.8
9124,4AROA038.49,7/26/2022,2022,7,207,2022.564384,6,29.5,30.0,30.3,0.9,5.26,7.686,8.98,3.72,197,1968,2023,55,0.3,3.3,14.0,0.3,,1.0
9131,4AROA038.49,7/19/2023,2023,7,200,2023.545205,0.3,30.0,30.0,30.0,0.0,9.24,9.24,9.24,0,197,1968,2023,55,0.3,3.3,14.0,0.3,,0.6
8938,4AROA038.49,8/23/1968,1968,8,236,1968.642077,0.3,32.2,32.2,32.2,0.0,NA,NA,NA,NA,197,1968,2023,55,0.3,3.3,14.0,0.3,28.92,3.3
8949,4AROA038.49,8/7/1970,1970,8,219,1970.59726,0.3,26.7,26.7,26.7,0.0,NA,NA,NA,NA,197,1968,2023,55,0.3,3.3,14.0,0.3,,-2.2
8960,4AROA038.49,8/22/1971,1971,8,234,1971.638356,0.3,28.3,28.3,28.3,0.0,NA,NA,NA,NA,197,1968,2023,55,0.3,3.3,14.0,0.3,,-0.6
8961,4AROA038.49,8/24/1971,1971,8,236,1971.643836,0.3,27.8,27.8,27.8,0.0,NA,NA,NA,NA,197,1968,2023,55,0.3,3.3,14.0,0.3,,-1.1
8974,4AROA038.49,8/18/1972,1972,8,231,1972.628415,0.3,23.9,23.9,23.9,0.0,NA,NA,NA,NA,197,1968,2023,55,0.3,3.3,14.0,0.3,,-5.0
8975,4AROA038.49,8/25/1972,1972,8,238,1972.647541,0.3,31.1,31.1,31.1,0.0,NA,NA,NA,NA,197,1968,2023,55,0.3,3.3,14.0,0.3,,2.2
8990,4AROA038.49,8/15/1973,1973,8,227,1973.619178,0.3,27.8,27.8,27.8,0.0,NA,NA,NA,NA,197,1968,2023,55,0.3,3.3,14.0,0.3,,-1.1
9000,4AROA038.49,8/13/1974,1974,8,225,1974.613699,0.3,26.1,26.1,26.1,0.0,NA,NA,NA,NA,197,1968,2023,55,0.3,3.3,14.0,0.3,,-2.8
9001,4AROA038.49,8/18/1974,1974,8,230,1974.627397,0.3,27.8,27.8,27.8,0.0,NA,NA,NA,NA,197,1968,2023,55,0.3,3.3,14.0,0.3,,-1.1
9008,4AROA038.49,8/11/1975,1975,8,223,1975.608219,0.3,28.9,28.9,28.9,0.0,NA,NA,NA,NA,197,1968,2023,55,0.3,3.3,14.0,0.3,,0.0
9009,4AROA038.49,8/18/1975,1975,8,230,1975.627397,0.3,29.0,29.0,29.0,0.0,NA,NA,NA,NA,197,1968,2023,55,0.3,3.3,14.0,0.3,,0.1
9016,4AROA038.49,8/22/1978,1978,8,234,1978.638356,0.3,28.0,28.0,28.0,0.0,NA,NA,NA,NA,197,1968,2023,55,0.3,3.3,14.0,0.3,,-0.9
9022,4AROA038.49,8/1/1989,1989,8,213,1989.580822,10,25.8,27.2,28.7,2.9,4.49,6.787,9.03,4.54,197,1968,2023,55,0.3,3.3,14.0,0.3,,-0.2
9023,4AROA038.49,8/28/1989,1989,8,240,1989.654795,8,25.5,26.6,27.6,2.1,4.76,6.673,8.45,3.69,197,1968,2023,55,0.3,3.3,14.0,0.3,,-1.3
9024,4AROA038.49,8/29/1989,1989,8,241,1989.657534,13,24.1,25.9,27.6,3.5,4.25,5.97,8.75,4.5,197,1968,2023,55,0.3,3.3,14.0,0.3,,-1.4
9031,4AROA038.49,8/9/2000,2000,8,222,2000.603825,12,24.7,27.3,31.2,6.5,0.4,4.055,10.7,10.3,197,1968,2023,55,0.3,3.3,14.0,0.3,,2.3
9032,4AROA038.49,8/23/2000,2000,8,236,2000.642077,12,26.1,26.7,27.5,1.4,2,5.564,8.3,6.3,197,1968,2023,55,0.3,3.3,14.0,0.3,,-1.4
9033,4AROA038.49,8/6/2001,2001,8,218,2001.594521,0.3,30.7,30.7,30.7,0.0,11.07,11.07,11.07,0,197,1968,2023,55,0.3,3.3,14.0,0.3,,1.8
9039,4AROA038.49,8/27/2002,2002,8,239,2002.652055,0.3,28.0,28.0,28.0,0.0,5.39,5.39,5.39,0,197,1968,2023,55,0.3,3.3,14.0,0.3,,-0.9
9049,4AROA038.49,8/29/2005,2005,8,241,2005.657534,8.7,26.8,28.2,30.3,3.5,2.84,5.566,8.86,6.02,197,1968,2023,55,0.3,3.3,14.0,0.3,,1.4
9052,4AROA038.49,8/31/2006,2006,8,243,2006.663014,0.3,28.4,28.4,28.4,0.0,5.6,5.6,5.6,0,197,1968,2023,55,0.3,3.3,14.0,0.3,,-0.5
9073,4AROA038.49,8/5/2010,2010,8,217,2010.591781,6,28.1,28.9,29.6,1.5,4.6,7.286,8.8,4.2,197,1968,2023,55,0.3,3.3,14.0,0.3,,0.7
9080,4AROA038.49,8/7/2012,2012,8,220,2012.598361,8,28.9,29.5,29.8,0.9,0.43,6.133,7.73,7.3,197,1968,2023,55,0.3,3.3,14.0,0.3,,0.9
9087,4AROA038.49,8/5/2014,2014,8,217,2014.591781,6,25.5,26.8,29.2,3.7,4.56,7,9.78,5.22,197,1968,2023,55,0.3,3.3,14.0,0.3,,0.3
9094,4AROA038.49,8/3/2016,2016,8,216,2016.587432,6,30.4,30.5,30.5,0.1,5.32,5.956,6.18,0.86,197,1968,2023,55,0.3,3.3,14.0,0.3,,1.6
9101,4AROA038.49,8/29/2018,2018,8,241,2018.657534,6,27.1,28.2,29.8,2.7,5.87,8.094,10.61,4.74,197,1968,2023,55,0.3,3.3,14.0,0.3,,0.9
9108,4AROA038.49,8/6/2019,2019,8,218,2019.594521,7,28.0,29.2,30.5,2.4,2.69,7.179,8.74,6.05,197,1968,2023,55,0.3,3.3,14.0,0.3,,1.5
9112,4AROA038.49,8/10/2020,2020,8,223,2020.606557,0.3,31.2,31.2,31.2,0.0,10.03,10.03,10.03,0,197,1968,2023,55,0.3,3.3,14.0,0.3,,2.3
9119,4AROA038.49,8/12/2021,2021,8,224,2021.610959,6,27.9,29.2,30.7,2.7,4.51,8.249,9.81,5.3,197,1968,2023,55,0.3,3.3,14.0,0.3,,1.7
9125,4AROA038.49,8/25/2022,2022,8,237,2022.646575,7,26.3,27.4,29.0,2.7,4.32,7.695,10.9,6.58,197,1968,2023,55,0.3,3.3,14.0,0.3,,0.1
9132,4AROA038.49,8/24/2023,2023,8,236,2023.643836,0.3,28.8,28.8,28.8,0.0,6.56,6.56,6.56,0,197,1968,2023,55,0.3,3.3,14.0,0.3,,-0.2
8939,4AROA038.49,9/15/1968,1968,9,259,1968.704918,0.3,24.4,24.4,24.4,0.0,NA,NA,NA,NA,197,1968,2023,55,0.3,3.3,14.0,0.3,26.54,-2.1
8950,4AROA038.49,9/23/1970,1970,9,266,1970.726027,0.3,26.7,26.7,26.7,0.0,NA,NA,NA,NA,197,1968,2023,55,0.3,3.3,14.0,0.3,,0.1
8976,4AROA038.49,9/11/1972,1972,9,255,1972.693989,0.3,25.0,25.0,25.0,0.0,NA,NA,NA,NA,197,1968,2023,55,0.3,3.3,14.0,0.3,,-1.5
8977,4AROA038.49,9/18/1972,1972,9,262,1972.713115,0.3,25.6,25.6,25.6,0.0,NA,NA,NA,NA,197,1968,2023,55,0.3,3.3,14.0,0.3,,-1.0
8991,4AROA038.49,9/13/1973,1973,9,256,1973.69863,0.3,25.6,25.6,25.6,0.0,NA,NA,NA,NA,197,1968,2023,55,0.3,3.3,14.0,0.3,,-1.0
8992,4AROA038.49,9/28/1973,1973,9,271,1973.739726,0.3,27.2,27.2,27.2,0.0,NA,NA,NA,NA,197,1968,2023,55,0.3,3.3,14.0,0.3,,0.7
9010,4AROA038.49,9/4/1975,1975,9,247,1975.673973,0.3,28.9,28.9,28.9,0.0,NA,NA,NA,NA,197,1968,2023,55,0.3,3.3,14.0,0.3,,2.3
9025,4AROA038.49,9/13/1989,1989,9,256,1989.69863,8,24.9,26.2,27.1,2.2,4.39,7.126,9.34,4.95,197,1968,2023,55,0.3,3.3,14.0,0.3,,0.6
9050,4AROA038.49,9/21/2005,2005,9,264,2005.720548,9.5,25.6,26.5,27.3,1.7,0.4,5.218,8.5,8.1,197,1968,2023,55,0.3,3.3,14.0,0.3,,0.8
9053,4AROA038.49,9/21/2006,2006,9,264,2006.720548,0.3,24.2,24.2,24.2,0.0,7.7,7.7,7.7,0,197,1968,2023,55,0.3,3.3,14.0,0.3,,-2.3
9061,4AROA038.49,9/25/2007,2007,9,268,2007.731507,0.3,27.3,27.3,27.3,0.0,10.1,10.1,10.1,0,197,1968,2023,55,0.3,3.3,14.0,0.3,,0.8
9067,4AROA038.49,9/22/2008,2008,9,266,2008.724044,0.3,24.3,24.3,24.3,0.0,8.6,8.6,8.6,0,197,1968,2023,55,0.3,3.3,14.0,0.3,,-2.2
9074,4AROA038.49,9/8/2010,2010,9,251,2010.684932,6,26.8,27.2,27.5,0.7,0,4,7.8,7.8,197,1968,2023,55,0.3,3.3,14.0,0.3,,1.0
9081,4AROA038.49,9/10/2012,2012,9,254,2012.691257,5,27.0,27.1,27.2,0.3,7.33,7.712,8.06,0.73,197,1968,2023,55,0.3,3.3,14.0,0.3,,0.7
9088,4AROA038.49,9/24/2014,2014,9,267,2014.728767,7,23.2,23.3,23.3,0.0,7.52,7.559,7.61,0.09,197,1968,2023,55,0.3,3.3,14.0,0.3,,-3.3
9095,4AROA038.49,9/26/2016,2016,9,270,2016.734973,6,25.5,25.5,25.5,0.0,6.71,7.757,8.09,1.38,197,1968,2023,55,0.3,3.3,14.0,0.3,,-1.0
9102,4AROA038.49,9/6/2018,2018,9,249,2018.679452,7,28.2,29.6,30.3,2.1,2.19,7.039,9.24,7.05,197,1968,2023,55,0.3,3.3,14.0,0.3,,3.7
9109,4AROA038.49,9/19/2019,2019,9,262,2019.715068,6,26.7,26.8,26.9,0.2,6.67,7.183,7.71,1.04,197,1968,2023,55,0.3,3.3,14.0,0.3,,0.3
9113,4AROA038.49,9/3/2020,2020,9,247,2020.672131,7,25.0,27.3,30.4,5.4,4.83,6.932,10.42,5.59,197,1968,2023,55,0.3,3.3,14.0,0.3,,3.9
9120,4AROA038.49,9/28/2021,2021,9,271,2021.739726,0.3,25.7,25.7,25.7,0.0,10.13,10.13,10.13,0,197,1968,2023,55,0.3,3.3,14.0,0.3,,-0.9
9126,4AROA038.49,9/1/2022,2022,9,244,2022.665753,6,28.3,28.9,30.2,1.9,5.42,7.273,9.21,3.79,197,1968,2023,55,0.3,3.3,14.0,0.3,,3.7
9133,4AROA038.49,9/26/2023,2023,9,269,2023.734247,0.3,23.4,23.4,23.4,0.0,8.61,8.61,8.61,0,197,1968,2023,55,0.3,3.3,14.0,0.3,,-3.1
8940,4AROA038.49,10/30/1968,1968,10,304,1968.827869,0.3,12.2,12.2,12.2,0.0,NA,NA,NA,NA,197,1968,2023,55,0.3,3.3,14.0,0.3,19.95,-7.7
8943,4AROA038.49,10/6/1969,1969,10,279,1969.761644,0.3,22.8,22.8,22.8,0.0,NA,NA,NA,NA,197,1968,2023,55,0.3,3.3,14.0,0.3,,2.8
8962,4AROA038.49,10/17/1971,1971,10,290,1971.791781,0.3,21.1,21.1,21.1,0.0,NA,NA,NA,NA,197,1968,2023,55,0.3,3.3,14.0,0.3,,1.2
8978,4AROA038.49,10/2/1972,1972,10,276,1972.751366,0.3,20.0,20.0,20.0,0.0,NA,NA,NA,NA,197,1968,2023,55,0.3,3.3,14.0,0.3,,0.1
8979,4AROA038.49,10/18/1972,1972,10,292,1972.795082,0.3,17.8,17.8,17.8,0.0,NA,NA,NA,NA,197,1968,2023,55,0.3,3.3,14.0,0.3,,-2.2
8993,4AROA038.49,10/1/1973,1973,10,274,1973.747945,0.3,22.2,22.2,22.2,0.0,NA,NA,NA,NA,197,1968,2023,55,0.3,3.3,14.0,0.3,,2.3
9002,4AROA038.49,10/10/1974,1974,10,283,1974.772603,0.3,19.0,19.0,19.0,0.0,NA,NA,NA,NA,197,1968,2023,55,0.3,3.3,14.0,0.3,,-0.9
9034,4AROA038.49,10/15/2001,2001,10,288,2001.786301,0.3,20.8,20.8,20.8,0.0,8.62,8.62,8.62,0,197,1968,2023,55,0.3,3.3,14.0,0.3,,0.9
9040,4AROA038.49,10/16/2002,2002,10,289,2002.789041,0.3,19.3,19.3,19.3,0.0,7.75,7.75,7.75,0,197,1968,2023,55,0.3,3.3,14.0,0.3,,-0.6
9051,4AROA038.49,10/18/2005,2005,10,291,2005.794521,0.3,19.4,19.4,19.4,0.0,6.5,6.505,6.51,0.01,197,1968,2023,55,0.3,3.3,14.0,0.3,,-0.5
9054,4AROA038.49,10/25/2006,2006,10,298,2006.813699,0.3,14.9,14.9,14.9,0.0,8.3,8.3,8.3,0,197,1968,2023,55,0.3,3.3,14.0,0.3,,-5.0
9075,4AROA038.49,10/4/2010,2010,10,277,2010.756164,7,19.0,19.2,19.3,0.3,6,6.075,6.2,0.2,197,1968,2023,55,0.3,3.3,14.0,0.3,,-0.6
9082,4AROA038.49,10/1/2012,2012,10,275,2012.748634,5,23.0,23.1,23.1,0.1,8.07,8.362,8.59,0.52,197,1968,2023,55,0.3,3.3,14.0,0.3,,3.1
9089,4AROA038.49,10/7/2014,2014,10,280,2014.764384,7,21.1,21.2,21.4,0.3,7.76,8.162,8.56,0.8,197,1968,2023,55,0.3,3.3,14.0,0.3,,1.5
9096,4AROA038.49,10/26/2016,2016,10,300,2016.81694,7,17.9,18.2,18.3,0.4,7.58,7.909,8.27,0.69,197,1968,2023,55,0.3,3.3,14.0,0.3,,-1.6
9103,4AROA038.49,10/3/2018,2018,10,276,2018.753425,9,21.1,23.1,25.2,4.1,5.62,7.695,9.85,4.23,197,1968,2023,55,0.3,3.3,14.0,0.3,,5.3
9110,4AROA038.49,10/7/2019,2019,10,280,2019.764384,5,25.1,25.3,25.8,0.7,5.55,6.035,6.87,1.32,197,1968,2023,55,0.3,3.3,14.0,0.3,,5.9
9114,4AROA038.49,10/27/2020,2020,10,301,2020.819672,7,16.7,17.7,19.0,2.4,7.2,7.699,8.74,1.54,197,1968,2023,55,0.3,3.3,14.0,0.3,,-0.9
9127,4AROA038.49,10/31/2022,2022,10,304,2022.830137,6,16.1,16.7,17.4,1.3,8.48,9.459,9.96,1.48,197,1968,2023,55,0.3,3.3,14.0,0.3,,-2.6
