ftype,fcode,hydrographic_status,permanent_identifier,gnis_name,gnis_id,fdate,elevation,reachcode,county,area_ha,area_km2
390 (Lake/Pond),43600,Unknown,61497627,Lake Chesdin,01474230,2013-05-01T00:00:00Z,48.2,02080207009041,Chesterfield,642.09,12.22
390 (Lake/Pond),39004,Perennial,61495527,Swift Creek Reservoir,01475386,2002-11-15T00:00:00Z,NA,02080207002435,Chesterfield,609.92,6.1
390 (Lake/Pond),39004,Perennial,135653295,NA,NA,2005-05-17T10:57:37Z,NA,02080206015231,Chesterfield,174.3,1.74
390 (Lake/Pond),39004,Perennial,135653442,NA,NA,2005-05-17T11:01:06Z,NA,02080206002200,Chesterfield,102.24,1.02
390 (Lake/Pond),39004,Perennial,135653269,NA,NA,2005-05-17T10:57:00Z,NA,02080206002494,Henrico,58.84,0.59
390 (Lake/Pond),39004,Perennial,61495859,Nash Road Lake,01489483,2002-11-15T00:00:00Z,NA,02080207002465,Chesterfield,49.09,0.49
390 (Lake/Pond),39004,Perennial,135653381,NA,NA,2005-05-17T10:59:50Z,NA,02080206015337,Chesterfield,46.34,0.46
390 (Lake/Pond),39009,Perennial; Average Water Elevation,61495565,Swift Creek Lake,01502141,2012-10-16T00:00:00Z,39,02080207002452,Chesterfield,43.61,0.44
390 (Lake/Pond),39004,Perennial,135653312,NA,NA,2005-05-17T10:58:04Z,NA,02080206015300,Henrico,41.65,0.42
390 (Lake/Pond),39009,Perennial; Average Water Elevation,135653060,NA,NA,2005-05-17T10:52:28Z,29.3,02080206015086,Richmond City,35.78,0.36
390 (Lake/Pond),39004,Perennial,135653158,NA,NA,2005-05-17T10:54:33Z,NA,02080206002155,Henrico,35.47,0.36
390 (Lake/Pond),39009,Perennial; Average Water Elevation,61495959,Tates Pond,01489466,2012-10-16T00:00:00Z,70.4,02080207002471,Chesterfield,27.16,0.27
390 (Lake/Pond),39004,Perennial,135653361,NA,NA,2005-05-17T10:59:19Z,NA,02080206015313,Henrico,23.66,0.24
390 (Lake/Pond),39004,Perennial,{C08AB279-84C4-4DA2-917D-E255975B8147},NA,NA,2012-10-16T00:00:00Z,NA,02080207113348,Chesterfield,22.13,0.22
390 (Lake/Pond),39004,Perennial,61495969,NA,NA,2012-10-16T00:00:00Z,NA,02080207008645,Chesterfield,21.62,0.22
390 (Lake/Pond),39004,Perennial,61495209,NA,NA,2002-11-15T00:00:00Z,NA,02080207002431,Chesterfield,21.54,0.22
390 (Lake/Pond),39009,Perennial; Average Water Elevation,61496577,NA,NA,2002-11-15T00:00:00Z,53.6,02080207002508,Chesterfield,19.5,0.2
390 (Lake/Pond),39004,Perennial,135653332,NA,NA,2005-05-17T10:58:33Z,NA,02080206002185,Chesterfield,19.1,0.19
390 (Lake/Pond),39004,Perennial,135653169,Gregorys Pond,01502231,2005-05-17T10:54:38Z,NA,02080206002153,Chesterfield,18.77,0.19
390 (Lake/Pond),39004,Perennial,135653437,NA,NA,2005-05-17T11:00:58Z,NA,02080206002192,Chesterfield,18.35,0.18
390 (Lake/Pond),39004,Perennial,135652866,Salisbury Lake,01489494,2005-05-17T10:47:31Z,NA,02080206002122,Chesterfield,16.91,0.17
390 (Lake/Pond),39004,Perennial,135653204,NA,NA,2005-05-17T10:55:21Z,NA,02080206015220,Chesterfield,16.83,0.17
390 (Lake/Pond),39004,Perennial,61500595,NA,NA,2013-07-11T00:00:00Z,NA,02080207012926,Chesterfield,15.41,0.15
390 (Lake/Pond),39009,Perennial; Average Water Elevation,61496203,Lake Margaret,01502064,2002-11-15T00:00:00Z,37.2,02080207002490,Chesterfield,14.82,0.15
390 (Lake/Pond),43609,Unknown,135653042,Polishing Pond,01489486,2005-05-17T10:21:58Z,NA,02080206002423,Chesterfield,13.57,0.14
390 (Lake/Pond),39004,Perennial,{28281A96-7550-4842-BE1B-B0F75BEDB34E},NA,NA,2013-05-01T00:00:00Z,NA,02080206016704,Henrico,13.39,0.13
390 (Lake/Pond),39004,Perennial,{CD0AA55E-F0B8-4CA3-916B-4363850F0915},NA,NA,2012-10-16T00:00:00Z,NA,02080207113463,Chesterfield,12.77,0.13
390 (Lake/Pond),39004,Perennial,{34A25C80-436A-46CA-AED5-8F84E28001D7},NA,NA,2012-10-16T00:00:00Z,NA,02080207113533,Chesterfield,12.43,0.12
390 (Lake/Pond),39004,Perennial,135653417,NA,NA,2013-05-01T00:00:00Z,NA,02080206015378,Chesterfield,12.01,0.12
390 (Lake/Pond),43624,Unknown,62589096,NA,NA,2002-11-27T00:00:00Z,NA,02080205004255,Richmond City,11.91,0.12
390 (Lake/Pond),39004,Perennial,{F1A3A047-5E92-4FC9-9A8D-EED2EED69EA0},NA,NA,2012-07-25T00:00:00Z,NA,02080206016776,Henrico,11.87,0.12
390 (Lake/Pond),39004,Perennial,135653114,NA,NA,2005-05-17T10:53:28Z,NA,02080206015153,Henrico,11.36,0.11
390 (Lake/Pond),39004,Perennial,61495887,NA,NA,2012-10-16T00:00:00Z,NA,02080207002476,Chesterfield,11.21,0.11
390 (Lake/Pond),39004,Perennial,135653232,NA,NA,2012-07-25T00:00:00Z,NA,02080206015244,Henrico,11.1,0.11
390 (Lake/Pond),39004,Perennial,135653592,Chester Club Lake,01489476,2005-05-17T11:04:10Z,NA,02080206002221,Chesterfield,11.02,0.11
390 (Lake/Pond),39004,Perennial,61495875,NA,NA,2012-10-16T00:00:00Z,NA,02080207008615,Chesterfield,10.72,0.11
390 (Lake/Pond),39004,Perennial,135653235,NA,NA,2012-07-25T00:00:00Z,NA,02080206002495,Henrico,10.69,0.11
390 (Lake/Pond),39004,Perennial,135653426,NA,NA,2005-05-17T11:00:40Z,NA,02080206015386,Chesterfield,10.53,0.1
390 (Lake/Pond),39004,Perennial,135653233,NA,NA,2012-07-25T00:00:00Z,NA,02080206015245,Chesterfield,10.48,0.1
390 (Lake/Pond),39004,Perennial,135653314,NA,NA,2005-05-17T10:58:07Z,NA,02080206002181,Chesterfield,10.46,0.1
390 (Lake/Pond),43600,Unknown,61500791,Condrey Pond,01489471,2013-07-11T00:00:00Z,NA,02080207012923,Chesterfield,10.35,0.1
390 (Lake/Pond),39004,Perennial,135653076,NA,NA,2005-05-17T10:52:49Z,NA,02080206002481,Chesterfield,10.23,0.1
390 (Lake/Pond),43600,Unknown,61495583,Third Branch Lake,01475629,2013-05-01T00:00:00Z,42.1,02080207002456,Chesterfield,10.18,0.1
390 (Lake/Pond),39004,Perennial,61496343,Andrews Pond,01462473,2002-11-15T00:00:00Z,NA,02080207002494,Chesterfield,10.01,0.1
390 (Lake/Pond),43624,Unknown,62589100,NA,NA,2002-11-27T00:00:00Z,NA,02080205004256,Richmond City,9.99,0.1
390 (Lake/Pond),39009,Perennial; Average Water Elevation,135652851,Ukrop Pond,01490083,2005-05-17T10:47:07Z,32.3,02080206002119,Henrico,9.6,0.1
390 (Lake/Pond),39004,Perennial,135653251,NA,NA,2005-05-17T10:56:32Z,NA,02080206002173,Henrico,9.59,0.1
390 (Lake/Pond),39004,Perennial,135653247,NA,NA,2012-07-25T00:00:00Z,NA,02080206002493,Chesterfield,9.06,0.09
390 (Lake/Pond),39004,Perennial,61495673,NA,NA,2002-11-15T00:00:00Z,NA,02080207008487,Chesterfield,8.78,0.09
390 (Lake/Pond),43600,Unknown,{EDEC90A5-E5CD-4DBA-A328-0BEB52EB2815},NA,NA,2012-10-16T00:00:00Z,NA,02080207113689,Chesterfield,8.58,0.09
390 (Lake/Pond),39004,Perennial,135653580,NA,NA,2005-05-17T11:03:51Z,NA,02080206015476,Chesterfield,8.51,0.09
390 (Lake/Pond),39004,Perennial,135652603,NA,NA,2005-05-17T10:40:45Z,NA,02080206002069,Henrico,8.5,0.09
390 (Lake/Pond),39009,Perennial; Average Water Elevation,135653345,NA,NA,2012-07-25T00:00:00Z,7.9,02080206015328,Henrico,8.35,0.08
390 (Lake/Pond),39009,Perennial; Average Water Elevation,62589626,Rock Creek Park Lake,01489452,2002-11-27T00:00:00Z,49.4,02080205001600,Chesterfield,8.26,0.08
390 (Lake/Pond),39004,Perennial,135653099,Upper Lake Bexley,01489492,2005-05-17T10:53:16Z,NA,02080206002147,Chesterfield,8.15,0.08
390 (Lake/Pond),39004,Perennial,61500525,NA,NA,2013-07-11T00:00:00Z,NA,02080207012922,Chesterfield,7.88,0.08
390 (Lake/Pond),39004,Perennial,{0ABBD7DD-D2E3-4B6C-B27F-2B0CC06030D5},NA,NA,2012-07-25T00:00:00Z,NA,02080206016774,Henrico,7.65,0.08
390 (Lake/Pond),39004,Perennial,135653260,NA,NA,2005-05-17T10:56:46Z,NA,02080206002167,Henrico,7.61,0.08
390 (Lake/Pond),39004,Perennial,135652325,NA,NA,2005-05-17T10:33:37Z,NA,02080206014504,Henrico,7.42,0.07
390 (Lake/Pond),39004,Perennial,61496181,NA,NA,2002-11-15T00:00:00Z,NA,02080207002492,Chesterfield,7.32,0.07
390 (Lake/Pond),39004,Perennial,{B9CCCD95-E075-4F4F-99B0-A665C4DD18A7},NA,NA,2012-07-25T00:00:00Z,NA,02080206016777,Henrico,7.3,0.07
390 (Lake/Pond),39004,Perennial,135653077,NA,NA,2012-07-25T00:00:00Z,NA,02080206002489,Henrico,7.15,0.07
390 (Lake/Pond),39004,Perennial,{DC8BAE47-7A17-4EE0-AEFF-6371E4A894D3},NA,NA,2012-07-25T00:00:00Z,NA,02080206016734,Henrico,7.12,0.07
390 (Lake/Pond),39004,Perennial,{9F555E77-6781-4943-B1D5-B573E2FE47CD},NA,NA,2012-07-25T00:00:00Z,NA,02080206016769,Henrico,7.05,0.07
390 (Lake/Pond),39004,Perennial,135652671,NA,NA,2005-05-17T10:42:33Z,NA,02080206002084,Henrico,6.98,0.07
390 (Lake/Pond),39004,Perennial,135653383,NA,NA,2005-05-17T10:59:53Z,NA,02080206002187,Henrico,6.9,0.07
390 (Lake/Pond),39004,Perennial,135653491,Fishpond,01466620,2005-05-17T11:01:42Z,NA,02080206002207,Chesterfield,6.84,0.07
390 (Lake/Pond),39004,Perennial,61495737,NA,NA,2002-11-15T00:00:00Z,NA,02080207008532,Chesterfield,6.79,0.07
390 (Lake/Pond),39004,Perennial,{7AC7F78D-93B5-4DEB-8305-E14FD025B0FB},Kcratchs Pond,01489505,2020-06-02T00:00:00Z,NA,02080207113360,Chesterfield,6.78,0.07
390 (Lake/Pond),39004,Perennial,{81F2B4F7-D261-4037-B458-32283384AA94},NA,NA,2012-07-25T00:00:00Z,NA,02080206016778,Henrico,6.66,0.07
390 (Lake/Pond),39004,Perennial,{01C48EDC-646E-49E5-8BF4-25B99508215C},NA,NA,2012-07-25T00:00:00Z,NA,02080206016848,Henrico,6.54,0.07
390 (Lake/Pond),39004,Perennial,135653356,NA,NA,2005-05-17T10:59:11Z,NA,02080206002497,Chesterfield,6.4,0.06
390 (Lake/Pond),39004,Perennial,135653257,NA,NA,2005-05-17T10:56:42Z,NA,02080206002165,Henrico,6.37,0.06
390 (Lake/Pond),39004,Perennial,135653226,NA,NA,2005-05-17T10:55:55Z,NA,02080206015234,Henrico,6.29,0.06
390 (Lake/Pond),39004,Perennial,135653287,NA,NA,2005-05-17T10:57:24Z,NA,02080206002170,Henrico,6.15,0.06
390 (Lake/Pond),39004,Perennial,135653266,NA,NA,2005-05-17T10:56:55Z,NA,02080206002496,Henrico,5.98,0.06
390 (Lake/Pond),39004,Perennial,61495801,Rieves Lake,01489474,2012-10-16T00:00:00Z,NA,02080207002469,Chesterfield,5.88,0.06
390 (Lake/Pond),39009,Perennial; Average Water Elevation,135653317,Cosbys Lake,01501991,2005-05-17T10:58:11Z,52.7,02080206002176,Chesterfield,5.51,0.06
390 (Lake/Pond),39004,Perennial,62588458,Canterbury Lake,01490074,2020-05-18T00:00:00Z,NA,02080205001538,Henrico,5.48,0.05
390 (Lake/Pond),39004,Perennial,{5B57D5C4-849A-4156-B31D-DE67690DFA1C},NA,NA,2012-07-25T00:00:00Z,NA,02080206016770,Henrico,5.45,0.05
390 (Lake/Pond),39004,Perennial,61496141,NA,NA,2002-11-15T00:00:00Z,NA,02080207002486,Chesterfield,5.41,0.05
390 (Lake/Pond),39004,Perennial,62589138,Swan Lake,01479698,2002-11-27T00:00:00Z,NA,02080205001565,Richmond City,5.39,0.05
390 (Lake/Pond),39004,Perennial,61495471,NA,NA,2002-11-15T00:00:00Z,NA,02080207002450,Chesterfield,5.39,0.05
390 (Lake/Pond),39004,Perennial,135653136,Lower Beaver Pond,01489450,2005-05-17T10:54:02Z,NA,02080206002484,Chesterfield,5.37,0.05
390 (Lake/Pond),39004,Perennial,{56D58440-4A8F-4BFF-B188-6D77EF6DD80D},NA,NA,2012-07-25T00:00:00Z,NA,02080206016649,Henrico,5.34,0.05
390 (Lake/Pond),39009,Perennial; Average Water Elevation,135652608,Eberhard Pond,01490081,2005-05-17T10:40:54Z,25,02080206002068,Henrico,5.25,0.05
390 (Lake/Pond),39004,Perennial,{BFB2C392-6377-419D-8D0B-D6BF04D96854},NA,NA,2012-07-25T00:00:00Z,NA,02080206016847,Henrico,5.21,0.05
390 (Lake/Pond),39004,Perennial,135653274,Licking Creek Fishing Club Lake,01489464,2005-05-17T10:57:06Z,NA,02080206002166,Chesterfield,5.15,0.05
390 (Lake/Pond),39009,Perennial; Average Water Elevation,61496243,NA,NA,2002-11-15T00:00:00Z,62.5,02080207002493,Chesterfield,5.13,0.05
390 (Lake/Pond),39004,Perennial,62588682,Westhampton Lake,01502155,2002-11-27T00:00:00Z,NA,02080205001553,Richmond City,5.09,0.05
390 (Lake/Pond),39004,Perennial,135653256,NA,NA,2005-05-17T10:56:40Z,NA,02080206002162,Henrico,5.06,0.05
390 (Lake/Pond),39004,Perennial,61496121,NA,NA,2002-11-15T00:00:00Z,NA,02080207008707,Chesterfield,5.05,0.05
390 (Lake/Pond),39004,Perennial,135653032,Spray Pond,01489488,2005-05-17T10:51:50Z,NA,02080206002133,Chesterfield,4.99,0.05
390 (Lake/Pond),39004,Perennial,135653143,NA,NA,2005-05-17T10:54:12Z,NA,02080206015173,Henrico,4.92,0.05
390 (Lake/Pond),39001,Intermittent,{36F69332-4BDC-4331-8B57-F517A11CB270},NA,NA,2012-07-25T00:00:00Z,NA,02080206016636,Henrico,4.74,0.05
390 (Lake/Pond),39004,Perennial,135652588,NA,NA,2005-05-17T10:40:31Z,NA,02080206014733,Henrico,4.71,0.05
390 (Lake/Pond),39004,Perennial,62587996,NA,NA,2002-11-27T00:00:00Z,NA,02080205004725,Henrico,4.71,0.05
390 (Lake/Pond),43600,Unknown,62589228,Cherokee Lake,01464771,2013-05-01T00:00:00Z,NA,02080205001568,Richmond City,4.57,0.05
390 (Lake/Pond),39004,Perennial,62588184,NA,NA,2002-11-27T00:00:00Z,NA,02080205001520,Henrico,4.57,0.05
390 (Lake/Pond),39004,Perennial,61495177,NA,NA,2002-11-15T00:00:00Z,NA,02080207008297,Chesterfield,4.53,0.04
390 (Lake/Pond),39004,Perennial,62588154,NA,NA,2002-11-27T00:00:00Z,NA,02080205001518,Henrico,4.49,0.04
390 (Lake/Pond),39004,Perennial,135653012,Napiers and Savage Lake,01489479,2005-05-17T10:51:24Z,NA,02080206002134,Chesterfield,4.4,0.04
390 (Lake/Pond),39004,Perennial,135653333,NA,NA,2005-05-17T10:58:35Z,NA,02080206002498,Henrico,4.39,0.04
390 (Lake/Pond),39004,Perennial,{766EC113-165F-471A-B436-4F5D97CDA149},NA,NA,2012-05-30T00:00:00Z,NA,02080205006839,Chesterfield,4.39,0.04
390 (Lake/Pond),39004,Perennial,61495205,Palm Lake,01489456,2002-11-15T00:00:00Z,NA,02080207002430,Chesterfield,4.38,0.04
390 (Lake/Pond),39004,Perennial,61496171,Crostick Millpond,01501996,2002-11-15T00:00:00Z,NA,02080207002488,Chesterfield,4.36,0.04
390 (Lake/Pond),39004,Perennial,135653166,Eaves Lake,01760385,2012-07-25T00:00:00Z,NA,02080206015194,Henrico,4.33,0.04
390 (Lake/Pond),39004,Perennial,135653297,NA,NA,2005-05-17T10:57:40Z,NA,02080206002177,Henrico,4.19,0.04
390 (Lake/Pond),39004,Perennial,135653175,NA,NA,2005-05-17T10:54:43Z,NA,02080206002487,Chesterfield,4.19,0.04
390 (Lake/Pond),39004,Perennial,61495661,NA,NA,2002-11-15T00:00:00Z,NA,02080207008521,Chesterfield,4.17,0.04
390 (Lake/Pond),39004,Perennial,62588224,NA,NA,2002-11-27T00:00:00Z,NA,02080205001523,Henrico,4.14,0.04
390 (Lake/Pond),39004,Perennial,135652867,NA,NA,2005-05-17T10:47:33Z,NA,02080206002485,Henrico,4.14,0.04
390 (Lake/Pond),39004,Perennial,{283CB01A-1B6E-4DDA-BC53-F0BA98B13370},NA,NA,2012-10-16T00:00:00Z,NA,02080207113318,Chesterfield,4.13,0.04
390 (Lake/Pond),39004,Perennial,{EC117FA6-6382-4AF8-BB68-874C163B6D6A},NA,NA,2012-07-25T00:00:00Z,NA,02080206016773,Henrico,4.07,0.04
390 (Lake/Pond),39004,Perennial,135652639,NA,NA,2005-05-17T10:41:41Z,NA,02080206014763,Henrico,4.03,0.04
390 (Lake/Pond),39004,Perennial,{F8BC60DE-2381-4DD3-9B9D-D745E2C8E198},NA,NA,2012-07-25T00:00:00Z,NA,02080206016843,Henrico,3.92,0.04
390 (Lake/Pond),39004,Perennial,61495159,NA,NA,2002-11-15T00:00:00Z,NA,02080207008288,Chesterfield,3.88,0.04
390 (Lake/Pond),39004,Perennial,{9AC1107E-EFA5-4169-BDBD-711C2A9A88D3},NA,NA,2012-10-16T00:00:00Z,NA,02080207113662,Chesterfield,3.84,0.04
390 (Lake/Pond),39009,Perennial; Average Water Elevation,61496657,NA,NA,2002-11-15T00:00:00Z,63.4,02080207002514,Chesterfield,3.82,0.04
390 (Lake/Pond),39004,Perennial,135652631,NA,NA,2005-05-17T10:41:28Z,NA,02080206002452,Henrico,3.78,0.04
390 (Lake/Pond),39004,Perennial,{59D84C00-EEA1-4572-8AE7-E4F184E3AFDA},NA,NA,2012-10-16T00:00:00Z,NA,02080207113650,Chesterfield,3.75,0.04
390 (Lake/Pond),39004,Perennial,{885F4F5A-03F6-4601-9E12-E366F984F06E},NA,NA,2012-07-25T00:00:00Z,NA,02080206016647,Henrico,3.74,0.04
390 (Lake/Pond),39004,Perennial,135653112,NA,NA,2012-07-25T00:00:00Z,NA,02080206002151,Henrico,3.7,0.04
390 (Lake/Pond),39004,Perennial,61495155,NA,NA,2002-11-15T00:00:00Z,NA,02080207002428,Chesterfield,3.63,0.04
390 (Lake/Pond),39004,Perennial,61495339,NA,NA,2002-11-15T00:00:00Z,NA,02080207002440,Chesterfield,3.59,0.04
390 (Lake/Pond),39004,Perennial,62588356,NA,NA,2002-11-27T00:00:00Z,NA,02080205001532,Henrico,3.58,0.04
390 (Lake/Pond),39004,Perennial,135652774,NA,NA,2012-07-25T00:00:00Z,NA,02080206014877,Richmond City,3.56,0.04
390 (Lake/Pond),39004,Perennial,62589570,Lake Patrick Henry,01489502,2002-11-27T00:00:00Z,NA,02080205001586,Chesterfield,3.52,0.04
390 (Lake/Pond),39004,Perennial,{123EFB7F-E143-4DA0-8DCE-678DB57F566D},NA,NA,2012-07-25T00:00:00Z,NA,02080206016831,Chesterfield,3.5,0.03
390 (Lake/Pond),39004,Perennial,135652450,NA,NA,2005-05-17T10:36:52Z,NA,02080206002442,Henrico,3.47,0.04
390 (Lake/Pond),39004,Perennial,61496277,NA,NA,2002-11-15T00:00:00Z,NA,02080207008770,Chesterfield,3.47,0.04
390 (Lake/Pond),39004,Perennial,{41DC4B96-0279-4DDC-9225-B571345FE27E},NA,NA,2012-10-16T00:00:00Z,NA,02080207113197,Chesterfield,3.47,0.03
390 (Lake/Pond),39009,Perennial; Average Water Elevation,135652319,Eako Lake,01502006,2005-05-17T10:33:28Z,60.4,02080206002026,Henrico,3.38,0.03
390 (Lake/Pond),39004,Perennial,{FC107430-CB81-4661-91FC-7D14C7C8B38D},NA,NA,2012-10-16T00:00:00Z,NA,02080207113341,Chesterfield,3.35,0.03
390 (Lake/Pond),39004,Perennial,135653444,Salem Woods Lake,01489490,2005-05-17T11:01:10Z,NA,02080206002199,Chesterfield,3.34,0.03
390 (Lake/Pond),39004,Perennial,135653137,NA,NA,2005-05-17T10:54:03Z,NA,02080206015176,Chesterfield,3.34,0.03
390 (Lake/Pond),39004,Perennial,135653207,NA,NA,2005-05-17T10:55:26Z,NA,02080206015223,Henrico,3.33,0.03
390 (Lake/Pond),39004,Perennial,135652451,NA,NA,2012-07-25T00:00:00Z,NA,02080206002039,Henrico,3.31,0.03
390 (Lake/Pond),39004,Perennial,61495147,NA,NA,2002-11-15T00:00:00Z,NA,02080207008284,Chesterfield,3.28,0.03
390 (Lake/Pond),39004,Perennial,{A4F5A5AF-F5E8-4FBB-A0DA-16F022D5DA7C},Lake Neda,01489459,2020-06-02T00:00:00Z,NA,02080207113582,Chesterfield,3.22,0.03
390 (Lake/Pond),39009,Perennial; Average Water Elevation,135653067,NA,NA,2005-05-17T10:52:39Z,30.2,02080206002145,Henrico,3.2,0.03
390 (Lake/Pond),43600,Unknown,62589510,Lake Page,01502091,2013-05-01T00:00:00Z,NA,02080205001580,Chesterfield,3.19,0.03
390 (Lake/Pond),39004,Perennial,135653324,NA,NA,2012-07-25T00:00:00Z,NA,02080206015311,Henrico,3.19,0.03
390 (Lake/Pond),39004,Perennial,135653346,NA,NA,2005-05-17T10:58:55Z,NA,02080206015330,Henrico,3.18,0.03
390 (Lake/Pond),39004,Perennial,61495831,NA,NA,2012-10-16T00:00:00Z,NA,02080207008596,Chesterfield,3.17,0.03
390 (Lake/Pond),39004,Perennial,135652371,NA,NA,2005-05-17T10:34:50Z,NA,02080206014544,Henrico,3.16,0.03
390 (Lake/Pond),39009,Perennial; Average Water Elevation,61496127,NA,NA,2014-03-26T00:00:00Z,59.4,02080207008710,Chesterfield,3.13,0.03
390 (Lake/Pond),39004,Perennial,{1E20E2E2-785E-4C41-9327-61562B3BA3DC},NA,NA,2012-10-16T00:00:00Z,NA,02080207113227,Chesterfield,3.13,0.03
390 (Lake/Pond),39004,Perennial,62589454,NA,NA,2002-11-27T00:00:00Z,NA,02080205001573,Chesterfield,3.09,0.03
390 (Lake/Pond),39004,Perennial,{613F368E-4101-44A6-A624-2207FBC3EE5C},NA,NA,2012-07-25T00:00:00Z,NA,02080206016698,Henrico,3.07,0.03
390 (Lake/Pond),39004,Perennial,61500913,NA,NA,2012-10-16T00:00:00Z,NA,02080207012924,Chesterfield,3.03,0.03
390 (Lake/Pond),39004,Perennial,{9A83C41A-3BCB-4175-9B80-3613B64834B9},NA,NA,2012-07-25T00:00:00Z,NA,02080206016771,Henrico,3.03,0.03
390 (Lake/Pond),39004,Perennial,135653421,NA,NA,2005-05-17T11:00:33Z,NA,02080206015382,Chesterfield,3.01,0.03
390 (Lake/Pond),39004,Perennial,61495573,NA,NA,2002-11-15T00:00:00Z,NA,02080207002454,Chesterfield,3.01,0.03
390 (Lake/Pond),39009,Perennial; Average Water Elevation,61496721,NA,NA,2002-11-15T00:00:00Z,58.8,02080207002516,Chesterfield,3,0.03
390 (Lake/Pond),39004,Perennial,62589076,Boat Lake,01478243,2002-11-27T00:00:00Z,NA,02080205001564,Richmond City,2.95,0.03
390 (Lake/Pond),39009,Perennial; Average Water Elevation,135653048,NA,NA,2005-05-17T10:52:13Z,31.7,02080206002486,Henrico,2.94,0.03
390 (Lake/Pond),39004,Perennial,{BC560E73-E95E-4173-879A-39E3F5973177},NA,NA,2012-05-30T00:00:00Z,NA,02080205006837,Henrico,2.93,0.03
390 (Lake/Pond),39004,Perennial,135652655,NA,NA,2012-07-25T00:00:00Z,NA,02080206014776,Henrico,2.92,0.03
390 (Lake/Pond),39004,Perennial,135653203,NA,NA,2012-07-25T00:00:00Z,NA,02080206015219,Henrico,2.9,0.03
390 (Lake/Pond),39004,Perennial,61496159,NA,NA,2002-11-15T00:00:00Z,NA,02080207002487,Chesterfield,2.82,0.03
390 (Lake/Pond),39004,Perennial,{8A077F4B-07E1-4534-827E-A9926017E5B7},NA,NA,2012-07-25T00:00:00Z,NA,02080206016772,Henrico,2.79,0.03
390 (Lake/Pond),39004,Perennial,61497107,NA,NA,2002-11-15T00:00:00Z,NA,02080207002530,Chesterfield,2.79,0.03
390 (Lake/Pond),39004,Perennial,135652436,Lake Overton,01471987,2005-05-17T10:36:29Z,NA,02080206002432,Henrico,2.78,0.03
390 (Lake/Pond),39004,Perennial,{BD761E47-A43B-4F9F-9C63-E3A39A7CD250},NA,NA,2012-07-25T00:00:00Z,NA,02080206016767,Henrico,2.77,0.03
390 (Lake/Pond),39009,Perennial; Average Water Elevation,135652429,Hoehns Lake,01468094,2005-05-17T10:36:20Z,67.1,02080206002431,Henrico,2.76,0.03
390 (Lake/Pond),39004,Perennial,135653268,NA,NA,2005-05-17T10:56:58Z,NA,02080206002164,Chesterfield,2.75,0.03
390 (Lake/Pond),39004,Perennial,61495779,NA,NA,2002-11-15T00:00:00Z,NA,02080207008574,Chesterfield,2.74,0.03
390 (Lake/Pond),39004,Perennial,61495835,NA,NA,2002-11-15T00:00:00Z,NA,02080207002473,Chesterfield,2.74,0.03
390 (Lake/Pond),39004,Perennial,135652978,NA,NA,2005-05-17T10:50:30Z,NA,02080206015060,Richmond City,2.73,0.03
390 (Lake/Pond),39004,Perennial,135652634,NA,NA,2005-05-17T10:41:33Z,NA,02080206002077,Henrico,2.65,0.03
390 (Lake/Pond),39004,Perennial,135653557,Redwater Lake,01760119,2005-05-17T11:03:15Z,NA,02080206015464,Chesterfield,2.62,0.03
390 (Lake/Pond),39004,Perennial,135653047,NA,NA,2005-05-17T10:52:11Z,NA,02080206002482,Chesterfield,2.57,0.03
390 (Lake/Pond),39004,Perennial,62589350,Reed Pond,01502105,2002-11-27T00:00:00Z,NA,02080205001571,Chesterfield,2.56,0.03
390 (Lake/Pond),39004,Perennial,135652637,NA,NA,2005-05-17T10:41:38Z,NA,02080206014761,Henrico,2.49,0.03
390 (Lake/Pond),39004,Perennial,135652668,NA,NA,2005-05-17T10:42:28Z,NA,02080206014789,Henrico,2.49,0.03
390 (Lake/Pond),39004,Perennial,135652676,NA,NA,2005-05-17T10:42:41Z,NA,02080206002085,Henrico,2.48,0.03
390 (Lake/Pond),39004,Perennial,135653380,NA,NA,2005-05-17T10:59:49Z,NA,02080206002499,Henrico,2.47,0.03
390 (Lake/Pond),39004,Perennial,135652753,NA,NA,2005-05-17T10:44:31Z,NA,02080206014857,Henrico,2.45,0.03
390 (Lake/Pond),39004,Perennial,61495153,NA,NA,2012-10-16T00:00:00Z,NA,02080207008286,Chesterfield,2.44,0.02
390 (Lake/Pond),39004,Perennial,61496433,Pells Pond,01489497,2002-11-15T00:00:00Z,NA,02080207008838,Chesterfield,2.39,0.02
390 (Lake/Pond),39004,Perennial,135652910,NA,NA,2005-05-17T10:48:42Z,NA,02080206014996,Chesterfield,2.39,0.02
390 (Lake/Pond),39001,Intermittent,{0CEB38BC-CD1D-40D0-8FED-AE82D4BB45CA},NA,NA,2012-07-25T00:00:00Z,NA,02080206016635,Henrico,2.37,0.02
390 (Lake/Pond),39004,Perennial,135653378,NA,NA,2005-05-17T10:59:46Z,NA,02080206015358,Chesterfield,2.34,0.02
390 (Lake/Pond),39004,Perennial,135652813,NA,NA,2012-07-25T00:00:00Z,NA,02080206014910,Henrico,2.32,0.02
390 (Lake/Pond),39004,Perennial,62588950,NA,NA,2002-11-27T00:00:00Z,NA,02080205005116,Henrico,2.26,0.02
390 (Lake/Pond),39004,Perennial,{23151E3C-E285-49E7-A771-20C67D634CBD},NA,NA,2012-10-16T00:00:00Z,NA,02080207113319,Chesterfield,2.26,0.02
390 (Lake/Pond),39004,Perennial,{306EBC6A-A3DF-44D4-AAF3-DE2DE06CE064},NA,NA,2012-10-16T00:00:00Z,NA,02080207113645,Chesterfield,2.23,0.02
390 (Lake/Pond),39004,Perennial,61495847,NA,NA,2002-11-15T00:00:00Z,NA,02080207008602,Chesterfield,2.21,0.02
390 (Lake/Pond),39004,Perennial,135653094,NA,NA,2005-05-17T10:53:13Z,NA,02080206015147,Chesterfield,2.2,0.02
390 (Lake/Pond),39004,Perennial,135653193,NA,NA,2005-05-17T10:55:01Z,NA,02080206015207,Chesterfield,2.19,0.02
390 (Lake/Pond),39004,Perennial,62588636,NA,NA,2002-11-27T00:00:00Z,NA,02080205001552,Henrico,2.17,0.02
390 (Lake/Pond),39004,Perennial,61495383,NA,NA,2002-11-15T00:00:00Z,NA,02080207002444,Chesterfield,2.17,0.02
390 (Lake/Pond),39004,Perennial,135653134,NA,NA,2012-07-25T00:00:00Z,NA,02080206015174,Henrico,2.15,0.02
390 (Lake/Pond),39004,Perennial,61495225,NA,NA,2002-11-15T00:00:00Z,NA,02080207002433,Chesterfield,2.14,0.02
390 (Lake/Pond),39004,Perennial,135653104,NA,NA,2012-07-25T00:00:00Z,NA,02080206002488,Henrico,2.14,0.02
390 (Lake/Pond),39004,Perennial,{DEE94231-0B9F-4B67-98C0-709A89AD2629},NA,NA,2012-07-25T00:00:00Z,NA,02080206016741,Henrico,2.13,0.02
390 (Lake/Pond),39004,Perennial,61495819,NA,NA,2002-11-15T00:00:00Z,NA,02080207002470,Chesterfield,2.12,0.02
390 (Lake/Pond),39004,Perennial,61495083,NA,NA,2002-11-15T00:00:00Z,NA,02080207002425,Chesterfield,2.11,0.02
390 (Lake/Pond),39004,Perennial,135652423,NA,NA,2012-07-25T00:00:00Z,NA,02080206002036,Henrico,2.07,0.02
390 (Lake/Pond),43600,Unknown,62589184,Shields Lake,01479610,2013-05-01T00:00:00Z,NA,02080205001567,Richmond City,2.07,0.02
390 (Lake/Pond),39004,Perennial,62588672,Duval Pond,01466065,2002-11-27T00:00:00Z,NA,02080205005006,Henrico,2.07,0.02
390 (Lake/Pond),39004,Perennial,62588748,Bryant Pond,01463963,2002-11-27T00:00:00Z,NA,02080205001558,Henrico,2.03,0.02
390 (Lake/Pond),39004,Perennial,135652627,NA,NA,2012-07-25T00:00:00Z,NA,02080206002447,Henrico,2.03,0.02
390 (Lake/Pond),39004,Perennial,{B0B4EAB5-8A23-445F-A6E9-0981994ACBD8},NA,NA,2012-07-25T00:00:00Z,NA,02080206016646,Henrico,2.03,0.02
390 (Lake/Pond),39004,Perennial,135652453,NA,NA,2005-05-17T10:36:57Z,NA,02080206002443,Henrico,2.01,0.02
390 (Lake/Pond),39004,Perennial,{DABDF3A3-1F07-418B-98DB-BEFB57C084D1},NA,NA,2012-07-25T00:00:00Z,NA,02080206016768,Henrico,2,0.02
390 (Lake/Pond),39004,Perennial,61497581,NA,NA,2002-11-15T00:00:00Z,NA,02080207002552,Chesterfield,2,0.02
390 (Lake/Pond),39004,Perennial,61495833,NA,NA,2002-11-15T00:00:00Z,NA,02080207008595,Chesterfield,2,0.02
390 (Lake/Pond),39004,Perennial,135652731,NA,NA,2005-05-17T10:43:59Z,NA,02080206002094,Henrico,1.99,0.02
390 (Lake/Pond),43613,Unknown,135653550,NA,NA,2005-05-17T10:24:29Z,NA,02080206014169,Chesterfield,1.98,0.02
390 (Lake/Pond),39004,Perennial,135652509,Staples Millpond,01475072,2012-07-25T00:00:00Z,NA,02080206014663,Henrico,1.97,0.02
390 (Lake/Pond),39004,Perennial,135652420,NA,NA,2005-05-17T10:36:09Z,NA,02080206014591,Henrico,1.95,0.02
390 (Lake/Pond),39004,Perennial,61495855,NA,NA,2002-11-15T00:00:00Z,NA,02080207008606,Chesterfield,1.94,0.02
390 (Lake/Pond),39004,Perennial,135653307,NA,NA,2005-05-17T10:57:56Z,NA,02080206015298,Chesterfield,1.92,0.02
390 (Lake/Pond),39004,Perennial,62589420,Hobby Hill Lake,01491077,2002-11-27T00:00:00Z,NA,02080205001572,Richmond City,1.92,0.02
390 (Lake/Pond),39004,Perennial,{D225CEF1-A3A9-4B0D-8986-3A9E34117780},NA,NA,2012-10-16T00:00:00Z,NA,02080207113509,Chesterfield,1.92,0.02
390 (Lake/Pond),39004,Perennial,{2C8034CD-C3B4-4591-91DB-990A78EDF194},NA,NA,2012-07-25T00:00:00Z,NA,02080206016710,Chesterfield,1.91,0.02
390 (Lake/Pond),39004,Perennial,{E020301C-7372-41A5-8BC0-EAEF656F30AD},NA,NA,2012-10-16T00:00:00Z,NA,02080207113370,Chesterfield,1.91,0.02
390 (Lake/Pond),39004,Perennial,{4EA48B36-830D-4A21-B745-51C37C50618D},NA,NA,2012-10-16T00:00:00Z,NA,02080207113304,Chesterfield,1.9,0.02
390 (Lake/Pond),39004,Perennial,135653285,NA,NA,2005-05-17T10:57:21Z,NA,02080206002171,Henrico,1.87,0.02
390 (Lake/Pond),39004,Perennial,{E97DE973-52A1-46D3-8002-5F965352C89D},NA,NA,2012-10-16T00:00:00Z,NA,02080207113584,Chesterfield,1.87,0.02
390 (Lake/Pond),39004,Perennial,135652647,NA,NA,2005-05-17T10:41:53Z,NA,02080206014771,Henrico,1.85,0.02
390 (Lake/Pond),39004,Perennial,61497171,NA,NA,2002-11-15T00:00:00Z,NA,02080207009159,Chesterfield,1.85,0.02
390 (Lake/Pond),39004,Perennial,{6A5A38AE-09D9-42E0-A280-E27495DC1B29},NA,NA,2012-10-16T00:00:00Z,NA,02080207113623,Chesterfield,1.85,0.02
390 (Lake/Pond),39004,Perennial,62589434,NA,NA,2002-11-27T00:00:00Z,NA,02080205005251,Richmond City,1.83,0.02
390 (Lake/Pond),39004,Perennial,135653593,NA,NA,2005-05-17T11:04:12Z,NA,02080206015492,Chesterfield,1.83,0.02
390 (Lake/Pond),39004,Perennial,135652609,NA,NA,2005-05-17T10:40:55Z,NA,02080206014741,Henrico,1.82,0.02
390 (Lake/Pond),39004,Perennial,135652524,NA,NA,2012-07-25T00:00:00Z,NA,02080206014674,Henrico,1.8,0.02
390 (Lake/Pond),39004,Perennial,61495755,NA,NA,2002-11-15T00:00:00Z,NA,02080207008563,Chesterfield,1.76,0.02
390 (Lake/Pond),39004,Perennial,61497215,NA,NA,2002-11-15T00:00:00Z,NA,02080207009178,Chesterfield,1.75,0.02
390 (Lake/Pond),39004,Perennial,135652512,NA,NA,2005-05-17T10:38:30Z,NA,02080206002444,Richmond City,1.75,0.02
390 (Lake/Pond),39004,Perennial,61495143,NA,NA,2002-11-15T00:00:00Z,NA,02080207008283,Chesterfield,1.75,0.02
390 (Lake/Pond),39009,Perennial; Average Water Elevation,135653254,Shirley Millpond,01479617,2021-12-29T12:21:35Z,8.8,02080206002157,Henrico,1.75,0.21
390 (Lake/Pond),39004,Perennial,135652514,Youngs Pond,01502122,2005-05-17T10:38:33Z,NA,02080206002437,Richmond City,1.74,0.02
390 (Lake/Pond),39004,Perennial,135652651,NA,NA,2005-05-17T10:42:00Z,NA,02080206002081,Henrico,1.74,0.02
390 (Lake/Pond),39004,Perennial,135652648,NA,NA,2005-05-17T10:41:55Z,NA,02080206002480,Henrico,1.74,0.02
390 (Lake/Pond),39004,Perennial,61495487,NA,NA,2002-11-15T00:00:00Z,NA,02080207008440,Chesterfield,1.74,0.02
390 (Lake/Pond),39004,Perennial,61496117,NA,NA,2002-11-15T00:00:00Z,NA,02080207008706,Chesterfield,1.74,0.02
390 (Lake/Pond),39004,Perennial,135653230,NA,NA,2005-05-17T10:56:01Z,NA,02080206002158,Henrico,1.72,0.02
390 (Lake/Pond),39004,Perennial,135653428,NA,NA,2005-05-17T11:00:44Z,NA,02080206015388,Chesterfield,1.7,0.02
390 (Lake/Pond),39004,Perennial,61495219,NA,NA,2002-11-15T00:00:00Z,NA,02080207008316,Chesterfield,1.69,0.02
390 (Lake/Pond),39004,Perennial,62588910,NA,NA,2002-11-27T00:00:00Z,NA,02080205005103,Henrico,1.69,0.02
390 (Lake/Pond),39004,Perennial,61495791,NA,NA,2002-11-15T00:00:00Z,NA,02080207002467,Chesterfield,1.68,0.02
390 (Lake/Pond),39004,Perennial,61496677,NA,NA,2002-11-15T00:00:00Z,NA,02080207008950,Chesterfield,1.66,0.02
390 (Lake/Pond),39004,Perennial,62589604,NA,NA,2002-11-27T00:00:00Z,NA,02080205005318,Chesterfield,1.65,0.02
390 (Lake/Pond),39004,Perennial,135652452,NA,NA,2005-05-17T10:36:55Z,NA,02080206002041,Henrico,1.65,0.02
390 (Lake/Pond),39004,Perennial,135652699,NA,NA,2005-05-17T10:43:06Z,NA,02080206002090,Henrico,1.65,0.02
390 (Lake/Pond),39004,Perennial,62589104,NA,NA,2002-11-27T00:00:00Z,NA,02080205005151,Henrico,1.64,0.02
390 (Lake/Pond),39004,Perennial,62589694,NA,NA,2002-11-27T00:00:00Z,NA,02080205001602,Chesterfield,1.64,0.02
390 (Lake/Pond),39004,Perennial,62589530,NA,NA,2012-05-30T00:00:00Z,NA,02080205001583,Chesterfield,1.63,0.02
390 (Lake/Pond),39004,Perennial,61496601,NA,NA,2002-11-15T00:00:00Z,NA,02080207008914,Chesterfield,1.63,0.02
390 (Lake/Pond),39004,Perennial,62589636,NA,NA,2002-11-27T00:00:00Z,NA,02080205001596,Chesterfield,1.63,0.02
390 (Lake/Pond),39009,Perennial; Average Water Elevation,135652712,NA,NA,2005-05-17T10:43:28Z,43.6,02080206014820,Henrico,1.62,0.02
390 (Lake/Pond),39004,Perennial,135652536,NA,NA,2005-05-17T10:39:11Z,NA,02080206014686,Henrico,1.62,0.02
390 (Lake/Pond),39004,Perennial,{8206D0D6-8EB4-4216-A4BF-370CB5F7F71E},NA,NA,2012-07-25T00:00:00Z,NA,02080206016658,Henrico,1.61,0.02
390 (Lake/Pond),39004,Perennial,135653273,NA,NA,2005-05-17T10:57:05Z,NA,02080206015273,Henrico,1.6,0.02
390 (Lake/Pond),39004,Perennial,135653445,NA,NA,2005-05-17T11:01:11Z,NA,02080206015400,Chesterfield,1.6,0.02
390 (Lake/Pond),39004,Perennial,135653304,NA,NA,2005-05-17T10:57:51Z,NA,02080206015295,Chesterfield,1.58,0.02
390 (Lake/Pond),39004,Perennial,135652684,NA,NA,2005-05-17T10:42:49Z,NA,02080206014799,Henrico,1.57,0.02
390 (Lake/Pond),39004,Perennial,61496773,Gills Pond,01467101,2002-11-15T00:00:00Z,NA,02080207008990,Chesterfield,1.57,0.02
390 (Lake/Pond),39004,Perennial,61495907,Ruffins Pond,01473622,2002-11-15T00:00:00Z,NA,02080207008626,Chesterfield,1.55,0.02
390 (Lake/Pond),39004,Perennial,{8B82CF92-88E5-4ADC-9FAD-9CD89882EC3E},NA,NA,2012-10-16T00:00:00Z,NA,02080207113152,Chesterfield,1.55,0.02
390 (Lake/Pond),39004,Perennial,61496763,NA,NA,2002-11-15T00:00:00Z,NA,02080207008984,Chesterfield,1.54,0.01
390 (Lake/Pond),39004,Perennial,{D4990D0A-B3DD-4099-A6E0-419B7C11FF7A},NA,NA,2012-07-25T00:00:00Z,NA,02080206016863,Henrico,1.52,0.02
390 (Lake/Pond),39004,Perennial,{266AF1CA-15F0-4BAA-8EA2-8DF10AB4987C},NA,NA,2012-07-25T00:00:00Z,NA,02080206016712,Chesterfield,1.51,0.02
390 (Lake/Pond),39004,Perennial,62589424,NA,NA,2002-11-27T00:00:00Z,NA,02080205005246,Richmond City,1.51,0.01
390 (Lake/Pond),39004,Perennial,62589490,NA,NA,2002-11-27T00:00:00Z,NA,02080205005274,Chesterfield,1.5,0.01
390 (Lake/Pond),39009,Perennial; Average Water Elevation,61496111,NA,NA,2002-11-15T00:00:00Z,68.6,02080207008702,Chesterfield,1.49,0.01
390 (Lake/Pond),39004,Perennial,135653299,NA,NA,2005-05-17T10:57:43Z,NA,02080206015289,Chesterfield,1.48,0.01
390 (Lake/Pond),39004,Perennial,61495175,NA,NA,2002-11-15T00:00:00Z,NA,02080207008296,Chesterfield,1.48,0.01
390 (Lake/Pond),39004,Perennial,61495039,NA,NA,2002-11-15T00:00:00Z,NA,02080207008232,Chesterfield,1.48,0.01
390 (Lake/Pond),39004,Perennial,{95896B78-CEEC-48D8-BF27-5567FDA8C32A},NA,NA,2012-10-16T00:00:00Z,NA,02080207113418,Chesterfield,1.48,0.01
390 (Lake/Pond),39004,Perennial,{C6C36915-EBCE-45DE-96FF-1A7C32BA20F0},NA,NA,2012-10-16T00:00:00Z,NA,02080207113692,Chesterfield,1.48,0.01
390 (Lake/Pond),39009,Perennial; Average Water Elevation,61496125,NA,NA,2002-11-15T00:00:00Z,60.7,02080207002485,Chesterfield,1.47,0.01
390 (Lake/Pond),39004,Perennial,62588530,Westbury Lake,01491079,2002-11-27T00:00:00Z,NA,02080205004956,Henrico,1.45,0.01
390 (Lake/Pond),39004,Perennial,135653298,NA,NA,2005-05-17T10:57:42Z,NA,02080206015290,Henrico,1.44,0.01
390 (Lake/Pond),39004,Perennial,61495579,NA,NA,2002-11-15T00:00:00Z,NA,02080207008482,Chesterfield,1.44,0.01
390 (Lake/Pond),39004,Perennial,135653571,NA,NA,2005-05-17T11:03:36Z,NA,02080206015473,Chesterfield,1.43,0.01
390 (Lake/Pond),39004,Perennial,135652898,NA,NA,2005-05-17T10:48:21Z,NA,02080206014985,Henrico,1.43,0.01
390 (Lake/Pond),39004,Perennial,{C9A46782-17E4-4974-AACA-9ADC53A41501},NA,NA,2012-10-16T00:00:00Z,NA,02080207113222,Chesterfield,1.43,0.01
390 (Lake/Pond),39004,Perennial,{2FBE8CC5-8C86-4E9E-A26D-E41C8EA129A2},NA,NA,2012-10-16T00:00:00Z,NA,02080207113417,Chesterfield,1.43,0.01
390 (Lake/Pond),43613,Unknown,135653476,NA,NA,2005-05-17T10:24:05Z,NA,02080206014155,Chesterfield,1.42,0.01
390 (Lake/Pond),39004,Perennial,62587542,NA,NA,2002-11-27T00:00:00Z,NA,02080205004511,Henrico,1.42,0.01
390 (Lake/Pond),39004,Perennial,135653348,NA,NA,2005-05-17T10:58:58Z,NA,02080206015331,Henrico,1.42,0.01
390 (Lake/Pond),39004,Perennial,{937CAFE6-4EF8-40FB-94E7-40DA075A17F1},NA,NA,2012-10-16T00:00:00Z,NA,02080207113364,Chesterfield,1.41,0.01
390 (Lake/Pond),39004,Perennial,{0331DAC9-3BC0-425C-9146-5510AE894C04},NA,NA,2012-10-16T00:00:00Z,NA,02080207113375,Chesterfield,1.41,0.01
390 (Lake/Pond),39004,Perennial,{F99F5EBD-3EEB-424D-9468-A801C7DE6010},NA,NA,2012-07-25T00:00:00Z,NA,02080206016631,Henrico,1.4,0.01
390 (Lake/Pond),39004,Perennial,61496251,NA,NA,2002-11-15T00:00:00Z,NA,02080207008759,Chesterfield,1.4,0.01
390 (Lake/Pond),39004,Perennial,135652965,Valley Mill Pond,01760439,2005-05-17T10:50:10Z,NA,02080206015047,Henrico,1.39,0.01
390 (Lake/Pond),39004,Perennial,{DCB40C8A-DEE6-4C58-9400-A94572B6AF2F},NA,NA,2012-10-16T00:00:00Z,NA,02080207113233,Chesterfield,1.39,0.01
390 (Lake/Pond),39004,Perennial,135653188,NA,NA,2005-05-17T10:54:55Z,NA,02080206015204,Henrico,1.38,0.01
390 (Lake/Pond),39004,Perennial,135653170,NA,NA,2005-05-17T10:54:39Z,NA,02080206015195,Chesterfield,1.37,0.01
390 (Lake/Pond),43609,Unknown,135653069,NA,NA,2005-05-17T10:22:04Z,NA,02080206014080,Chesterfield,1.36,0.01
390 (Lake/Pond),39004,Perennial,135652872,NA,NA,2005-05-17T10:47:41Z,NA,02080206014961,Henrico,1.36,0.01
390 (Lake/Pond),39004,Perennial,{56D4E1F9-2560-4285-80B9-B60C24ABC0FD},NA,NA,2012-07-25T00:00:00Z,NA,02080206016835,Chesterfield,1.36,0.01
390 (Lake/Pond),39004,Perennial,135652936,NA,NA,2005-05-17T10:49:22Z,NA,02080206015020,Henrico,1.36,0.01
390 (Lake/Pond),39004,Perennial,135652746,NA,NA,2005-05-17T10:44:21Z,NA,02080206014851,Henrico,1.35,0.01
390 (Lake/Pond),39004,Perennial,62589840,NA,NA,2002-11-27T00:00:00Z,NA,02080205005416,Chesterfield,1.35,0.01
390 (Lake/Pond),39004,Perennial,{56BC81DC-5E3B-49AC-823D-2B1D3FCBC62B},NA,NA,2012-10-16T00:00:00Z,NA,02080207113534,Chesterfield,1.34,0.01
390 (Lake/Pond),39004,Perennial,62587726,NA,NA,2012-05-30T00:00:00Z,NA,02080205001504,Henrico,1.33,0.01
390 (Lake/Pond),39004,Perennial,135653385,NA,NA,2005-05-17T10:59:57Z,NA,02080206015361,Chesterfield,1.33,0.01
390 (Lake/Pond),39004,Perennial,135652980,NA,NA,2012-07-25T00:00:00Z,NA,02080206015062,Chesterfield,1.33,0.01
390 (Lake/Pond),39004,Perennial,61496293,NA,NA,2002-11-15T00:00:00Z,NA,02080207008776,Chesterfield,1.33,0.01
390 (Lake/Pond),39004,Perennial,135652907,NA,NA,2005-05-17T10:48:37Z,NA,02080206014993,Chesterfield,1.32,0.01
390 (Lake/Pond),39004,Perennial,135653431,NA,NA,2005-05-17T11:00:49Z,NA,02080206015390,Chesterfield,1.32,0.01
390 (Lake/Pond),39004,Perennial,61500487,NA,NA,2012-10-16T00:00:00Z,NA,02080207012927,Chesterfield,1.32,0.01
390 (Lake/Pond),39004,Perennial,{9571797F-FDDF-4EAE-BFEE-6571223F647F},NA,NA,2012-07-25T00:00:00Z,NA,02080206016861,Chesterfield,1.3,0.01
390 (Lake/Pond),39004,Perennial,135653052,NA,NA,2005-05-17T10:52:19Z,NA,02080206015123,Chesterfield,1.3,0.01
390 (Lake/Pond),39004,Perennial,135652635,NA,NA,2005-05-17T10:41:35Z,NA,02080206014759,Henrico,1.29,0.01
390 (Lake/Pond),39009,Perennial; Average Water Elevation,135652405,NA,NA,2005-05-17T10:35:45Z,61.9,02080206014579,Henrico,1.28,0.01
390 (Lake/Pond),39004,Perennial,61495923,NA,NA,2002-11-15T00:00:00Z,NA,02080207008631,Chesterfield,1.28,0.01
390 (Lake/Pond),39004,Perennial,135653288,NA,NA,2005-05-17T10:57:26Z,NA,02080206015283,Henrico,1.27,0.01
390 (Lake/Pond),39004,Perennial,61495807,NA,NA,2002-11-15T00:00:00Z,NA,02080207008585,Chesterfield,1.27,0.01
390 (Lake/Pond),39004,Perennial,61496427,NA,NA,2002-11-15T00:00:00Z,NA,02080207008836,Chesterfield,1.27,0.01
390 (Lake/Pond),39004,Perennial,{B296E1FC-41C5-48F5-9AB6-D6C94EF05C7E},NA,NA,2012-10-16T00:00:00Z,NA,02080207113314,Chesterfield,1.27,0.01
390 (Lake/Pond),39004,Perennial,135653326,NA,NA,2005-05-17T10:58:24Z,NA,02080206015314,Chesterfield,1.25,0.01
390 (Lake/Pond),39004,Perennial,{2B3EAB26-8272-4789-A029-7A2C3F2BD29C},NA,NA,2012-10-16T00:00:00Z,NA,02080207113202,Chesterfield,1.25,0.01
390 (Lake/Pond),39004,Perennial,135652576,NA,NA,2005-05-17T10:40:12Z,NA,02080206014721,Henrico,1.24,0.01
390 (Lake/Pond),43613,Unknown,62589116,NA,NA,2002-11-27T00:00:00Z,NA,02080205004257,Richmond City,1.24,0.01
390 (Lake/Pond),39004,Perennial,61495853,NA,NA,2012-10-16T00:00:00Z,NA,02080207008605,Chesterfield,1.23,0.01
390 (Lake/Pond),39001,Intermittent,{4D4241E5-70A1-4A5F-9505-B13B999F0F4B},NA,NA,2012-07-25T00:00:00Z,NA,02080206016694,Henrico,1.23,0.01
390 (Lake/Pond),39004,Perennial,62589080,NA,NA,2002-11-27T00:00:00Z,NA,02080205005142,Henrico,1.22,0.01
390 (Lake/Pond),39004,Perennial,135653046,NA,NA,2005-05-17T10:52:10Z,NA,02080206015119,Henrico,1.21,0.01
390 (Lake/Pond),39004,Perennial,135652312,NA,NA,2005-05-17T10:33:18Z,NA,02080206014490,Henrico,1.21,0.01
390 (Lake/Pond),39004,Perennial,NA,NA,NA,NA,NA,NA,Richmond City,1.21,0.01
390 (Lake/Pond),43613,Unknown,135653487,NA,NA,2005-05-17T10:24:15Z,NA,02080206014161,Chesterfield,1.2,0.01
390 (Lake/Pond),39004,Perennial,135652769,NA,NA,2005-05-17T10:44:57Z,NA,02080206014873,Henrico,1.2,0.01
390 (Lake/Pond),39004,Perennial,135653139,NA,NA,2005-05-17T10:54:05Z,NA,02080206015177,Henrico,1.19,0.01
390 (Lake/Pond),39004,Perennial,{4152C4B2-4986-4547-873A-3362050A8F1E},NA,NA,2012-07-25T00:00:00Z,NA,02080206016749,Henrico,1.19,0.01
390 (Lake/Pond),39004,Perennial,{0C8B0A9C-BE86-430B-892A-D15B3936FEFE},NA,NA,2012-07-25T00:00:00Z,NA,02080206016699,Henrico,1.19,0.01
390 (Lake/Pond),39004,Perennial,61495967,NA,NA,2002-11-15T00:00:00Z,NA,02080207008647,Chesterfield,1.18,0.01
390 (Lake/Pond),39004,Perennial,61497435,Pamplins Pond,01472032,2002-11-15T00:00:00Z,NA,02080207009229,Chesterfield,1.18,0.01
390 (Lake/Pond),39004,Perennial,61495073,NA,NA,2002-11-15T00:00:00Z,NA,02080207008249,Chesterfield,1.18,0.01
390 (Lake/Pond),39004,Perennial,61495687,NA,NA,2002-11-15T00:00:00Z,NA,02080207008531,Chesterfield,1.18,0.01
390 (Lake/Pond),39004,Perennial,135653180,NA,NA,2005-05-17T10:54:50Z,NA,02080206015200,Chesterfield,1.18,0.01
390 (Lake/Pond),39004,Perennial,{15B0C5F7-4CD5-4430-BAD4-14E04E664E26},NA,NA,2012-07-25T00:00:00Z,NA,02080206016832,Chesterfield,1.18,0.01
390 (Lake/Pond),39004,Perennial,61495637,NA,NA,2002-11-15T00:00:00Z,NA,02080207008509,Chesterfield,1.17,0.01
390 (Lake/Pond),39009,Perennial; Average Water Elevation,61496213,NA,NA,2002-11-15T00:00:00Z,77.7,02080207008743,Chesterfield,1.17,0.01
390 (Lake/Pond),39004,Perennial,{91F7921C-F1B1-4BC0-AF8C-7C49689B5FDA},NA,NA,2012-10-16T00:00:00Z,NA,02080207113512,Chesterfield,1.17,0.01
390 (Lake/Pond),39004,Perennial,{5B312D0C-1D1B-4FA2-9C48-1C7DAE3BDF0D},NA,NA,2012-10-16T00:00:00Z,NA,02080207113513,Chesterfield,1.17,0.01
390 (Lake/Pond),39004,Perennial,{8B95E511-8FCF-4CA3-AE42-D8247C6035C3},NA,NA,2012-10-16T00:00:00Z,NA,02080207113221,Chesterfield,1.17,0.01
390 (Lake/Pond),43624,Unknown,61496813,NA,NA,2002-11-15T00:00:00Z,NA,02080207002522,Chesterfield,1.16,0.01
390 (Lake/Pond),39004,Perennial,135652791,NA,NA,2005-05-17T10:45:34Z,NA,02080206014893,Henrico,1.15,0.01
390 (Lake/Pond),39004,Perennial,{C6B98381-9BAB-4BBC-A092-F3F8FEE47F66},NA,NA,2012-07-25T00:00:00Z,NA,02080206016760,Henrico,1.15,0.01
390 (Lake/Pond),39004,Perennial,{B10461B5-A36B-45FD-BAB8-8ABB30866CD7},NA,NA,2012-07-25T00:00:00Z,NA,02080206016740,Henrico,1.15,0.01
390 (Lake/Pond),39004,Perennial,{79253B73-0022-4BC7-944F-20A8C9E76C5B},NA,NA,2012-10-16T00:00:00Z,NA,02080207113205,Chesterfield,1.15,0.01
390 (Lake/Pond),39004,Perennial,61495761,NA,NA,2012-10-16T00:00:00Z,NA,02080207008566,Chesterfield,1.14,0.01
390 (Lake/Pond),43612,Unknown,135652681,NA,NA,2005-05-17T10:21:38Z,NA,02080206014065,Richmond City,1.13,0.01
390 (Lake/Pond),43613,Unknown,62589120,NA,NA,2002-11-27T00:00:00Z,NA,02080205004258,Richmond City,1.13,0.01
390 (Lake/Pond),39004,Perennial,61496853,NA,NA,2002-11-15T00:00:00Z,NA,02080207009027,Chesterfield,1.12,0.01
390 (Lake/Pond),43609,Unknown,135653066,NA,NA,2005-05-17T10:22:03Z,NA,02080206014079,Chesterfield,1.12,0.01
390 (Lake/Pond),39004,Perennial,{2385B592-9F14-4132-B0E0-C205B24ACA8F},NA,NA,2012-07-25T00:00:00Z,NA,02080206016747,Henrico,1.12,0.01
390 (Lake/Pond),39004,Perennial,61496363,NA,NA,2002-11-15T00:00:00Z,NA,02080207008803,Chesterfield,1.11,0.01
390 (Lake/Pond),39004,Perennial,{8A646C41-65C3-4B85-94F1-4B7EDE8744AB},NA,NA,2012-07-25T00:00:00Z,NA,02080206016775,Henrico,1.11,0.01
390 (Lake/Pond),39004,Perennial,61495023,NA,NA,2002-11-15T00:00:00Z,NA,02080207008225,Chesterfield,1.11,0.01
390 (Lake/Pond),39004,Perennial,61496473,NA,NA,2002-11-15T00:00:00Z,NA,02080207008858,Chesterfield,1.11,0.01
390 (Lake/Pond),39004,Perennial,61495347,NA,NA,2012-10-16T00:00:00Z,NA,02080207008375,Chesterfield,1.1,0.01
390 (Lake/Pond),39004,Perennial,135653561,NA,NA,2010-07-30T06:29:00Z,NA,02080207011190,Chesterfield,1.1,0.01
390 (Lake/Pond),39004,Perennial,61496753,NA,NA,2002-11-15T00:00:00Z,NA,02080207008976,Chesterfield,1.1,0.01
390 (Lake/Pond),39004,Perennial,{B005A423-AB58-4D9F-BF55-BDBF1F47E012},NA,NA,2012-07-25T00:00:00Z,NA,02080206016750,Henrico,1.1,0.01
390 (Lake/Pond),39004,Perennial,62589416,NA,NA,2002-11-27T00:00:00Z,NA,02080205005243,Richmond City,1.1,0.01
390 (Lake/Pond),39004,Perennial,135653004,NA,NA,2005-05-17T10:51:11Z,NA,02080206015087,Chesterfield,1.09,0.01
390 (Lake/Pond),39004,Perennial,61496471,NA,NA,2002-11-15T00:00:00Z,NA,02080207008857,Chesterfield,1.09,0.01
390 (Lake/Pond),39004,Perennial,135653152,NA,NA,2005-05-17T10:54:24Z,NA,02080206015188,Henrico,1.08,0.01
390 (Lake/Pond),39004,Perennial,61495647,NA,NA,2002-11-15T00:00:00Z,NA,02080207008514,Chesterfield,1.07,0.01
390 (Lake/Pond),43609,Unknown,135653074,NA,NA,2005-05-17T10:22:06Z,NA,02080206014081,Chesterfield,1.07,0.01
390 (Lake/Pond),39004,Perennial,61497095,NA,NA,2002-11-15T00:00:00Z,NA,02080207009126,Chesterfield,1.07,0.01
390 (Lake/Pond),39004,Perennial,62589578,NA,NA,2002-11-27T00:00:00Z,NA,02080205001585,Chesterfield,1.07,0.01
390 (Lake/Pond),39004,Perennial,{E80485DA-22AF-4D89-80AE-D3FD4CFEBAB9},NA,NA,2012-10-16T00:00:00Z,NA,02080207113376,Chesterfield,1.07,0.01
390 (Lake/Pond),39004,Perennial,135653441,NA,NA,2005-05-17T11:01:05Z,NA,02080206015397,Chesterfield,1.06,0.01
390 (Lake/Pond),39009,Perennial; Average Water Elevation,135652729,NA,NA,2012-07-25T00:00:00Z,43.3,02080206014838,Henrico,1.06,0.01
390 (Lake/Pond),39004,Perennial,{BCDCF721-08CB-4BF3-B817-A03736FD5C29},NA,NA,2012-10-16T00:00:00Z,NA,02080207012916,Chesterfield,1.06,0.01
390 (Lake/Pond),39004,Perennial,{B10A0C04-14DD-4DA1-8B7B-69710D71F41A},NA,NA,2012-07-25T00:00:00Z,NA,02080206016856,Henrico,1.05,0.01
390 (Lake/Pond),39004,Perennial,{BAB9F993-3292-4FC3-AC3C-34D6D63B2DC0},NA,NA,2012-10-16T00:00:00Z,NA,02080207113151,Chesterfield,1.05,0.01
390 (Lake/Pond),39004,Perennial,{F751256C-8DD1-44B7-879F-FA83DFD81DF3},NA,NA,2012-10-16T00:00:00Z,NA,02080207113530,Chesterfield,1.04,0.01
390 (Lake/Pond),39009,Perennial; Average Water Elevation,61495267,NA,NA,2002-11-15T00:00:00Z,74.7,02080207008339,Chesterfield,1.03,0.01
390 (Lake/Pond),39004,Perennial,{9FFD78F8-BFD9-472B-B5D0-9E97CAFDBC3B},NA,NA,2012-07-25T00:00:00Z,NA,02080206016682,Henrico,1.02,0.01
390 (Lake/Pond),39004,Perennial,62589098,NA,NA,2002-11-27T00:00:00Z,NA,02080205005127,Richmond City,1.02,0.01
390 (Lake/Pond),39004,Perennial,{2D5E3811-E92A-4813-B8E8-1CFDBC3FCF12},NA,NA,2012-07-25T00:00:00Z,NA,02080206016779,Chesterfield,1.02,0.01
390 (Lake/Pond),39004,Perennial,62588522,NA,NA,2002-11-27T00:00:00Z,NA,02080205004953,Henrico,1.01,0.01
390 (Lake/Pond),39004,Perennial,135652540,NA,NA,2005-05-17T10:39:17Z,NA,02080206014690,Henrico,1.01,0.01
390 (Lake/Pond),39004,Perennial,{19757587-AC3C-45A5-9153-53D9D2BBC7B3},NA,NA,2012-10-16T00:00:00Z,NA,02080207113316,Chesterfield,1.01,0.01
390 (Lake/Pond),39004,Perennial,135652709,NA,NA,2005-05-17T10:43:23Z,NA,02080206014818,Henrico,1,0.01
390 (Lake/Pond),39004,Perennial,61496021,NA,NA,2002-11-15T00:00:00Z,NA,02080207008666,Chesterfield,1,0.01
390 (Lake/Pond),39004,Perennial,61495461,NA,NA,2002-11-15T00:00:00Z,NA,02080207008429,Chesterfield,0.99,0.01
390 (Lake/Pond),39004,Perennial,61495061,NA,NA,2002-11-15T00:00:00Z,NA,02080207008243,Chesterfield,0.98,0.01
390 (Lake/Pond),39004,Perennial,61496835,NA,NA,2002-11-15T00:00:00Z,NA,02080207009011,Chesterfield,0.98,0.01
390 (Lake/Pond),39004,Perennial,135652577,NA,NA,2005-05-17T10:40:13Z,NA,02080206014723,Henrico,0.97,0.01
390 (Lake/Pond),39004,Perennial,135653026,NA,NA,2005-05-17T10:51:41Z,NA,02080206015103,Chesterfield,0.96,0.01
390 (Lake/Pond),39004,Perennial,135652705,NA,NA,2005-05-17T10:43:16Z,NA,02080206014814,Henrico,0.96,0.01
390 (Lake/Pond),39004,Perennial,135653205,NA,NA,2005-05-17T10:55:23Z,NA,02080206015221,Chesterfield,0.96,0.01
390 (Lake/Pond),39004,Perennial,62589810,NA,NA,2002-11-27T00:00:00Z,NA,02080205005404,Chesterfield,0.96,0.01
390 (Lake/Pond),39004,Perennial,61497221,NA,NA,2002-11-15T00:00:00Z,NA,02080207009181,Chesterfield,0.96,0.01
390 (Lake/Pond),39004,Perennial,61496791,NA,NA,2002-11-15T00:00:00Z,NA,02080207008997,Chesterfield,0.96,0.01
390 (Lake/Pond),39004,Perennial,135652682,NA,NA,2005-05-17T10:42:47Z,NA,02080206014798,Henrico,0.95,0.01
390 (Lake/Pond),39004,Perennial,62589852,NA,NA,2002-11-27T00:00:00Z,NA,02080205005424,Chesterfield,0.62,0.02
390 (Lake/Pond),39004,Perennial,135652612,NA,NA,2012-07-25T00:00:00Z,NA,02080206002449,Henrico,0.42,0.03
390 (Lake/Pond),39004,Perennial,135652804,NA,NA,2005-05-17T10:45:54Z,NA,02080206014904,Henrico,0.26,0.01
390 (Lake/Pond),39004,Perennial,135652785,NA,NA,2005-05-17T10:45:23Z,NA,02080206014888,Henrico,0.09,0.01
