StationID,model_slope,model_MAD,model_pval,model_intcpt,variable
2-JKS044.60,-2.1440336416046914e-4,3.855610645868698e-4,0.5561465266861163,0.41655112526824817,DOMax
2-JKS046.40,1.51090222818965e-4,3.7055556468987587e-4,0.7239798175163299,-0.32845766924163045,DOMax
2-JKS048.90,-2.5269300128223e-4,5.544342637101322e-4,0.5561465266861163,0.488053086537494,DOMax
2-JKS053.48,5.25477761346945e-4,4.308021476583655e-4,0.004882812499999999,-1.0685101016524827,DOMax
2-XDD000.40,0.008195146639790919,0.0013314731160565113,0.09751253817810959,-16.464970998841682,DOMax
4ABSA000.62,-2.946589271346383e-5,7.026683273746042e-4,0.8917322158813475,0.04060519632293715,DOMax
4ABWR002.50,-2.1617333632622683e-4,9.352981076127254e-4,0.81235504150390625,0.4165620558093834,DOMax
4ABWR010.55,-7.013671630635642e-4,0.0012781008249579814,0.026317969768638285,1.4065830412808955,DOMax
4ABWR017.42,8.387373982037056e-4,6.078919027504057e-4,4.808329492440132e-4,-1.6896146446608526,DOMax
4ACCK001.80,4.4929467288851144e-4,4.0671637652694856e-4,0.0038062737413383017,-0.925539840147648,DOMax
4ACOA000.60,6.083014413485405e-4,0.0011362665848927828,0.004878997802734374,-1.2379747052856511,DOMax
4AGIL002.39,-0.0014937631449931407,0.0018859655800976926,0.03505611419677734,2.9980992616218893,DOMax
4AROA018.36,2.1559184664729218e-4,4.845424152020181e-4,0.14746093749999997,-0.45702803786077706,DOMax
4AROA038.49,0.0011961102725380887,0.0022472305049819983,0.17480468749999997,-2.404848735915635,DOMax
4AROA140.66,7.296204536259266e-4,0.0014427671995009693,0.10247043485974944,-1.4677887070232405,DOMax
4AROA145.34,2.786533683243376e-4,7.544501728207057e-4,0.18729252170151317,-0.566614312483027,DOMax
4AROA158.22,3.1876498824850096e-4,5.393860599562102e-4,0.25724792480468744,-0.6628976871310219,DOMax
4AROA163.76,1.4506767897786357e-4,5.880736997232391e-4,0.19401355632619105,-0.3167775362964586,DOMax
4AROA167.34,3.234986540134048e-4,0.0011370030439526652,0.08879852294921874,-0.661660476039463,DOMax
4AROA175.63,-7.579726905463902e-5,0.001087049109910406,0.8237285614013671,0.15698443353594407,DOMax
4AROA180.21,-7.500405668756912e-4,5.580897204667097e-4,0.005231639638359652,1.510535165579566,DOMax
4AROA183.64,-0.0013619224697638717,0.0017157893755045239,0.0016350362036130159,2.766660707701618,DOMax
4AROA192.55,-0.041974397909128915,0.0034863838124431536,0.19746607335801866,84.00543211473652,DOMax
4AROA192.94,-9.146609627130604e-4,0.0014062361785584748,0.008009910583496092,1.845221817943655,DOMax
4AROA196.05,1.522293619655638e-4,7.819450846450921e-4,0.3954620361328125,-0.3176406999320301,DOMax
4ASRE046.90,0.0026337434907181484,0.0014522403413105057,0.004178033796242796,-5.2928595858111915,DOMax
4ASRE048.98,6.111110783917578e-4,5.190857882698314e-4,0.22365884096794122,-1.2485098009354774,DOMax
4ASRE052.31,-0.0012617232444606292,4.986116943118611e-4,0.15330922384913984,2.508005602161454,DOMax
4ASRE056.06,1.5557177043538272e-4,3.48234796249715e-4,0.10753092060164311,-0.3281411651108505,DOMax
4AWTH000.40,5.625914486040798e-4,4.627300752988829e-4,0.01134681701660156,-1.1563899439994887,DOMax
5ASRN000.66,0.003994729371063585,0.006252445350213551,0.04206273335676611,-8.039257763108171,DOMax
8-NAR047.69,-3.6885257224484095e-4,0.0011056898718766889,0.38940429687500006,0.7219609172733121,DOMax
8-NAR054.17,-2.1335879901005633e-4,7.045055142886104e-4,0.8383602338389031,0.4149648185043345,DOMax
9-NEW087.14,8.04401309487678e-4,0.0014481411307536516,0.060518264770507806,-1.6378832381562827,DOMax
9-NEW089.34,0.0011660902588896077,0.0011568462120293533,0.0027263164520263668,-2.3639173410257364,DOMax
9-NEW092.66,2.7809109670819376e-4,0.0014367026601651836,0.45520895748731993,-0.5750821708818563,DOMax
9-NEW098.32,8.069950320437996e-4,0.0016255260357202165,0.04616022109985351,-1.6240776822568408,DOMax
9-PKC000.00,2.2686954086667245e-4,0.001509788824225411,0.6332969665527343,-0.463271967449792,DOMax
9-PKC004.16,-7.936073084973715e-4,8.119334969759444e-4,0.05950736999511718,1.5991854571442636,DOMax
2-JKS044.60,-5.81705730696493e-4,6.139898469211127e-4,0.05452053182433361,1.1214202061206926,DOMean
2-JKS046.40,-5.507321873471244e-4,6.11846617457709e-4,0.07732800868102668,1.056758517488138,DOMean
2-JKS048.90,-3.7981874900610744e-4,2.6372129756930656e-4,0.006780347000164037,0.7024192000669394,DOMean
4ABSA000.62,-8.670671946483965e-6,5.496007704819283e-4,0.9457445144653319,-0.030442463360731864,DOMean
4ABWR002.50,5.769094954191378e-4,5.67039025174757e-4,0.029575347900390625,-1.2067033494725796,DOMean
4ABWR010.55,-4.525782003786392e-4,6.776352881151331e-4,0.019622173738424495,0.8773375517974122,DOMean
4ABWR017.42,-4.6527611131599514e-4,9.056929043013835e-4,0.5135122084474673,0.9358820353837295,DOMean
4ACCK001.80,2.0578823267063915e-4,7.499778149118617e-4,0.19771487587658698,-0.45915200210458706,DOMean
4ACOA000.60,1.9379155734745905e-4,5.694845062234311e-4,0.15713405609130857,-0.4385444932373079,DOMean
4AGIL002.39,-3.470581254354956e-4,0.0016644065693808214,0.15713405609130857,0.6727262072137583,DOMean
4AROA018.36,0.0021864387928273348,4.44670106543845e-4,0.006835937499999999,-4.455230869804347,DOMean
4AROA038.49,0.0020429873638751097,0.0017913803025745312,0.018554687499999997,-4.116962714213354,DOMean
4AROA140.66,9.442454153400328e-5,3.334904397853335e-4,0.41421617824252505,-0.2454019290200841,DOMean
4AROA145.34,-1.918365031865172e-4,7.451825054536552e-4,0.9515380859375001,0.34872621442742435,DOMean
4AROA158.22,3.0396939848622884e-4,6.950736708080913e-4,0.07013702392578124,-0.6670270879156959,DOMean
4AROA163.76,3.947166211309562e-4,6.22574762373934e-4,0.06903415167976482,-0.8464438039231188,DOMean
4AROA167.34,5.806529888669792e-4,4.99976001625293e-4,0.0010023117065429685,-1.2164578966327309,DOMean
4AROA175.63,-3.194938669924496e-4,0.0010030516462138977,0.11907704500238053,0.6005497392522653,DOMean
4AROA180.21,-5.987396857358635e-4,0.001252756851680914,0.007042529121108771,1.155709416851051,DOMean
4AROA183.64,-0.001129871981723438,9.129851150268118e-4,7.337433242696846e-4,2.222353831044818,DOMean
4AROA192.94,-8.032288639011146e-4,6.045502389978075e-4,0.0024824142456054683,1.6129850658369476,DOMean
4ASRE046.90,-8.357416336364221e-4,5.782093266950979e-4,0.9686762703046427,1.6552429783126854,DOMean
4ASRE048.98,-0.0015400343205571436,6.825692379374737e-4,0.10753092060164311,3.0498190004793884,DOMean
4ASRE052.31,-8.269778463231245e-4,5.566091583309509e-4,0.005889270041817481,1.601177261798341,DOMean
4ASRE056.06,2.7583621833252025e-5,8.469488395581175e-4,0.8443418516786526,-0.09916549097690393,DOMean
4AWTH000.40,1.2917433558929674e-4,5.93579739241153e-4,0.12807846069335935,-0.3103206219112479,DOMean
8-NAR047.69,-8.357143000031237e-4,6.071305856634235e-4,0.005371093750000002,1.6578811265010167,DOMean
8-NAR054.17,-6.286014026132032e-5,0.0013083987282111243,0.4145198529802937,0.10703908741993372,DOMean
9-NEW087.14,1.9305099100593113e-4,7.763698232755125e-4,0.4452004432678222,-0.44473201735135315,DOMean
9-NEW089.34,1.769040714759202e-4,7.223433729210855e-4,0.2594523429870605,-0.39637035738986837,DOMean
9-NEW092.66,3.1272648803960465e-4,5.930672989932609e-4,0.0441143213285708,-0.6698777273938616,DOMean
9-NEW098.32,8.459622700036027e-4,6.404430378844236e-4,0.032111871325279415,-1.7080638430126185,DOMean
9-PKC000.00,7.850475757738614e-4,0.001055143279975383,0.3554162979125976,-1.6033001710969277,DOMean
9-PKC004.16,-5.212346292056899e-4,0.001002803974041121,0.1678066253662109,1.0433447126175284,DOMean
2-JKS044.60,-7.11243953672861e-5,0.0017974821120075922,0.9687003809366239,0.06243790554538729,DOMin
2-JKS046.40,-1.2631060815622127e-4,8.213399499509799e-4,0.3803710937500002,0.17141534807894204,DOMin
2-JKS048.90,4.7017075672931604e-4,5.013911582735426e-4,0.06515383596058258,-1.0222147572500129,DOMin
4ABSA000.62,7.578620705343292e-5,0.0011229756774575582,0.6827135086059569,-0.21085245854502552,DOMin
4ABWR002.50,7.292401375025119e-4,6.626938725345455e-4,0.2548092680556696,-1.5277614300645606,DOMin
4ABWR010.55,1.0697185623462136e-4,0.0014628977781111527,0.9553387137753658,-0.24814977108025302,DOMin
4ABWR017.42,-9.38114030416972e-4,0.0011321482092306752,0.034903205435101926,1.8699243671236956,DOMin
4ACCK001.80,1.594106815935685e-5,0.0014705894150197055,0.36033334365753616,-0.10736074192290772,DOMin
4ACOA000.60,4.945134313878215e-4,9.688127358128317e-4,0.30381584167480463,-1.0614223346734841,DOMin
4AGIL002.39,8.885036950382918e-4,0.0011069372340070857,0.12807846069335935,-1.8114583391441432,DOMin
4AROA018.36,0.003982484852637308,7.15081506897638e-4,0.0019531249999999998,-8.085027797809204,DOMin
4AROA038.49,-1.496952448394015e-4,0.0016040794528823987,0.5195312499999999,0.26594649224691236,DOMin
4AROA140.66,5.0839055272980575e-5,0.0013011888703321926,0.6697998046875001,-0.15976128641051562,DOMin
4AROA145.34,1.0942602229468726e-4,0.001329296752951723,0.9031982421875001,-0.27920223521933646,DOMin
4AROA158.22,6.619313232442051e-4,0.0010722246747146614,0.05019187927246093,-1.3983551286481852,DOMin
4AROA163.76,2.941939566590034e-4,0.00112010727016408,0.20542581883989622,-0.660474700350367,DOMin
4AROA167.34,8.153063294754302e-4,0.00206963317286274,0.008009910583496092,-1.7009107689819498,DOMin
4AROA175.63,-0.0012772207980462711,9.753587089851996e-4,0.006385605956099614,2.516185960243903,DOMin
4AROA180.21,-1.3901175375099352e-5,0.0011532656497273196,0.9482252929562537,0.001968069101275818,DOMin
4AROA183.64,-7.828171450692896e-4,7.383670773182821e-4,0.22960097898482087,1.546966896298484,DOMin
4AROA192.94,-4.5307300623872895e-4,0.0012555864573151625,0.15713405609130857,0.8905644113144964,DOMin
4ASRE046.90,5.509594230835267e-4,4.907957227377686e-4,0.10766638372497753,-1.1643920010976117,DOMin
4ASRE048.98,2.1851517198732856e-4,0.0012452083671388623,0.6660165023369173,-0.5039010295199157,DOMin
4ASRE052.31,-0.0021219327483551513,6.761418453780777e-4,0.024838501704883286,4.191560336532525,DOMin
4ASRE056.06,-5.629749228224304e-4,0.0014179924113548385,0.5561465266861163,1.0820450383504223,DOMin
4AWTH000.40,1.275256373845805e-4,6.784737337104408e-4,0.5167608261108397,-0.31808238845318537,DOMin
8-NAR047.69,5.062284862964887e-5,0.0012497247214293598,1,-0.11939718475538097,DOMin
8-NAR054.17,0.002595088413859717,0.001354297815365868,0.083984375,-5.247767041453667,DOMin
9-NEW087.14,8.457126314678769e-4,0.0019052182419842223,0.07486915588378905,-1.7383039723188871,DOMin
9-NEW089.34,0.0012109859905689527,0.002203622963234251,0.021372318267822262,-2.479860456381375,DOMin
9-NEW092.66,0.0016631328017851221,0.001573741181353526,0.007031276548674203,-3.368912832090197,DOMin
9-NEW098.32,5.333415811187729e-4,0.002338016475158594,0.3208832740783691,-1.072012070247364,DOMin
9-PKC000.00,0.0011926597990007761,0.0019243979190781103,0.11105823516845702,-2.439564244737405,DOMin
9-PKC004.16,-9.868919217232168e-4,0.0018589895677513658,0.33765983581542963,1.9868969569926949,DOMin
2-JKS044.60,4.043297342393225e-4,0.001987036319914247,0.4557790334491561,-0.7629155238275072,DORange
2-JKS046.40,8.223563731115031e-4,0.0010328572385453728,0.16931762684100934,-1.593406757096849,DORange
2-JKS048.90,-8.998256344962273e-4,0.0013391162632216639,0.22383716469226875,1.8650645690317305,DORange
4ABSA000.62,1.4844517914241242e-4,6.932312713714456e-4,0.6091489791870116,-0.24727231850730164,DORange
4ABWR002.50,-2.1144441114977447e-4,0.0014208023244633603,0.6407152270059902,0.47298010480788133,DORange
4ABWR010.55,-0.0011118542896799478,0.002205742017444525,0.23952134800918598,2.266752316927672,DORange
4ABWR017.42,0.0016658613414845729,0.0012662342436752143,8.33075011209829e-4,-3.3284759960574277,DORange
4ACCK001.80,-1.7190950258449966e-4,0.0016833067363983185,0.9851059871986608,0.3948174660367853,DORange
4ACOA000.60,3.0377304479958377e-4,8.675336802467829e-4,0.3554162979125976,-0.5576670519839128,DORange
4AGIL002.39,-0.0011071480350633282,0.0020942667385978595,0.009016036987304686,2.239760474933113,DORange
4AROA018.36,-0.0023766752993713645,0.001442976920109108,9.765624999999999e-4,4.835704835821975,DORange
4AROA038.49,8.475251363697215e-4,5.727512830708577e-4,0.14746093749999997,-1.6885025239098068,DORange
4AROA140.66,-0.0010572783472534738,0.0012634739595542436,0.41433123357682905,2.165591796429089,DORange
4AROA145.34,2.5795218734327315e-4,5.815991813634814e-4,0.6697998046875001,-0.45270127556192513,DORange
4AROA158.22,-1.0526566655233518e-4,0.0013081180329002926,0.585402488708496,0.250310514810692,DORange
4AROA163.76,-2.2169373687685006e-4,9.913574966158587e-4,0.6788630485534667,0.48732052809624704,DORange
4AROA167.34,-8.11753189097148e-4,8.782973322849722e-4,0.04599285125732421,1.688912535133349,DORange
4AROA175.63,0.0015268887003015927,0.001259290360144762,0.0230415366220115,-3.0098170550901466,DORange
4AROA180.21,-3.5970645984853214e-4,0.0012205062725193483,0.03289413452148437,0.7475300896658288,DORange
4AROA183.64,-8.484933144458087e-4,0.0015452432072872006,0.01895666122436523,1.7429790002641248,DORange
4AROA192.94,-8.446140311392809e-4,0.0014899014861861639,0.11105823516845702,1.7216447301729803,DORange
4ASRE046.90,0.0021921200753956564,0.0024522249683968365,0.06515383596058258,-4.351670515677543,DORange
4ASRE048.98,-4.780765298214908e-4,0.0027377110806979213,0.6660165023369173,0.9957354782486618,DORange
4ASRE052.31,0.0010336435576312152,0.002470027505384823,0.18485825379822088,-2.0318103142743524,DORange
4ASRE056.06,0.0018279497888373372,5.248042778422897e-4,0.25515751134134057,-3.6481659551234857,DORange
4AWTH000.40,2.3554338652213846e-4,3.8488649148853637e-4,0.5167608261108397,-0.4379308299328258,DORange
8-NAR047.69,3.319334540551016e-4,0.0034466126412666157,0.42120361328125006,-0.6616057296143606,DORange
8-NAR054.17,-0.0026834537097942513,0.001346369774653569,0.08293108208496205,5.410467078492575,DORange
9-NEW087.14,-0.001092702033480335,0.0020686291165759796,0.6220676898956298,2.223119112038633,DORange
9-NEW089.34,-6.62503045629902e-4,9.053717550413369e-4,0.21117830276489255,1.3433064453846046,DORange
9-NEW092.66,-0.0010777054198895587,0.0023868971188942176,0.0977065337971215,2.1669088801009684,DORange
9-NEW098.32,-5.346743960224604e-5,7.136513390541344e-4,0.6729657066036834,0.12055312927647635,DORange
9-PKC000.00,-4.933036141781315e-4,0.002105794321062158,0.3554162979125976,1.0014308486670207,DORange
9-PKC004.16,0,4.790031156868167e-4,0.14221324193639254,0,DORange
2-JKS044.60,9.457271032182364e-4,0.002273947236400218,0.07744208512638945,-1.8486360752479665,TMax
2-JKS046.40,7.580685188899841e-4,0.0021700428525233645,0.16948199001218978,-1.4688494322644015,TMax
2-JKS048.90,0.0021335568886491777,0.0032397787229625397,0.04537575323608079,-4.240102925533897,TMax
2-JKS053.48,0.001634585526986975,0.002533936173417359,0.08300781249999999,-3.2344477306871227,TMax
2-XDD000.40,-6.211495987631759e-5,0.002030641177242403,0.8334336202223243,0.1819395248623861,TMax
4ABSA000.62,4.718084826538377e-5,0.0030134920749713156,0.3204574584960937,-0.040379301539120144,TMax
4ABWR002.50,0.0010015365028431162,0.002129215277889544,0.13050719304432123,-1.945134529117439,TMax
4ABWR010.55,-2.832579615459352e-4,0.0021817895439125755,0.8960138167063328,0.6260131796897402,TMax
4ABWR017.42,0.0010669763414555172,0.0018724403333894785,0.10435177739142468,-2.1020965141741503,TMax
4ACCK001.80,-1.190834077134858e-4,0.0017006666828114998,0.9999999999999999,0.31443188167509906,TMax
4ACOA000.60,-8.594934618888966e-4,0.0024922438621258385,0.8116779327392577,1.7845391255237772,TMax
4AGIL002.39,0.0014404873400735412,0.003106012275486168,0.08879852294921874,-2.8405697518823896,TMax
4AROA018.36,0.001381473527593608,9.688019958887372e-4,0.10156249999999999,-2.702165002555515,TMax
4AROA038.49,-4.549472430593907e-4,0.002634612930833521,0.5195312499999999,0.9899098739035509,TMax
4AROA140.66,-2.256947154666006e-4,0.0018784703349536613,0.7197265625000001,0.5537168352357321,TMax
4AROA145.34,-7.419995439832407e-5,0.0018710548968237405,0.6154314715052189,0.22702998148420117,TMax
4AROA158.22,6.2960569169092235e-6,0.0014521188893587016,0.9224009739648357,0.06816482984794389,TMax
4AROA163.76,0.0013297277854420332,0.001194896088145998,0.011156558990478514,-2.601932323716163,TMax
4AROA167.34,6.732132554091195e-5,0.0018303750960518197,0.7701112674802187,-0.07101127629976152,TMax
4AROA175.63,4.127891704825221e-4,0.0015098143725079396,0.9239659309387206,-0.7458620545913917,TMax
4AROA180.21,8.228541103399845e-5,0.0013910783415879851,0.8455442495661196,-0.07326827641365577,TMax
4AROA183.64,-4.4793199032178133e-4,0.0015947990913649402,0.2756266593933105,0.9811806141560429,TMax
4AROA192.55,-0.013427760907540942,0.005693353076244706,0.09751253817810959,26.930823464921815,TMax
4AROA192.94,-6.732871924326176e-4,0.00173571119908505,0.1193418502807617,1.4312532792320607,TMax
4AROA196.05,5.892535836552093e-4,0.0032533625441433724,0.8595733642578125,-1.083983335922159,TMax
4ASRE046.90,-9.257380621250917e-4,0.0011116994913735693,0.1259438386422662,1.9330027532346703,TMax
4ASRE048.98,-6.301744110504488e-4,5.715456837974652e-4,0.169646282762861,1.3407003518986433,TMax
4ASRE052.31,4.771324409758796e-4,0.0016622988896654288,0.3586391704612435,-0.8879403712065895,TMax
4ASRE056.06,-1.2448036345646073e-4,0.0014764833037829161,0.906293509044724,0.3232541041339359,TMax
4AWTH000.40,-2.5658034266419865e-5,7.680873611835726e-4,0.8710389471064994,0.11744650017212543,TMax
5ASRN000.66,-0.0037983976783290993,0.0024387536792247135,0.14099408120355642,7.691823656002803,TMax
8-NAR047.69,0.0013617750126947417,0.0018455133460616663,0.018066406250000007,-2.6394535355595092,TMax
8-NAR054.17,3.82070968241969e-4,0.0025740009861685725,0.8383602338389031,-0.6816378424570831,TMax
9-NEW087.14,3.248963797135078e-4,0.0015546686334189789,0.2226152420043945,-0.5779099187570529,TMax
9-NEW089.34,0.001519228456836881,0.0014919585440074962,0.002135992050170898,-2.9779063587607033,TMax
9-NEW092.66,3.2217259115784665e-4,0.0016770448054921874,0.22210741043090818,-0.592758131486862,TMax
9-NEW098.32,9.983726043204285e-5,0.0018598297684912304,0.5589376363253675,-0.13116638771884168,TMax
9-PKC000.00,4.0148423084708507e-4,0.001154081852265202,0.21568012237548825,-0.7698295616779891,TMax
9-PKC004.16,-5.503340442603519e-4,0.001873416338935451,0.8381938934326171,1.162094186079597,TMax
2-JKS044.60,0.0010641971118773288,7.618521156890018e-4,0.09155570817720991,-2.0885412152069858,TMean
2-JKS046.40,0.0014959387396370912,4.176828077150563e-4,0.008564453376897102,-2.946369927658273,TMean
2-JKS048.90,0.0013376423605206598,9.754067648561245e-4,0.006780347000164037,-2.6287473686255893,TMean
4ABSA000.62,3.607564441878777e-4,5.118596360762578e-4,0.0010023117065429685,-0.6477315175177721,TMean
4ABWR002.50,1.6076236094229914e-4,7.054629592161368e-4,0.4221352468605179,-0.24630960610001368,TMean
4ABWR010.55,-7.227371370963552e-4,7.818587470615011e-4,0.010535679701083007,1.5391653340962679,TMean
4ABWR017.42,-0.001384755023688035,0.0014776893328925815,0.005410396461745989,2.8580832668685936,TMean
4ACCK001.80,-1.4457146791945624e-4,6.288993674446387e-4,0.7334699630737304,0.37192821275347754,TMean
4ACOA000.60,2.940708432679716e-4,3.969378493389382e-4,0.03505611419677734,-0.5164613702675592,TMean
4AGIL002.39,-6.144394099092659e-4,9.602025419981157e-4,0.4733343124389648,1.305063110083065,TMean
4AROA018.36,0.0021167952257284926,6.535261463455251e-4,9.765624999999999e-4,-4.189191065311266,TMean
4AROA038.49,-2.7556623957599135e-4,0.001510822800333387,0.5771484374999999,0.6226526129157886,TMean
4AROA140.66,9.385343076273452e-5,4.7210574865717917e-4,0.30279541015625006,-0.1099403320383683,TMean
4AROA145.34,2.9369212187319233e-4,8.16151464595489e-4,0.45114746924119703,-0.5130720913196509,TMean
4AROA158.22,-1.7627182933233786e-4,5.848079685914873e-4,0.3300398192403097,0.42856886831682456,TMean
4AROA163.76,2.770734614121232e-4,7.566758693295442e-4,0.027674198150634762,-0.4773305641035729,TMean
4AROA167.34,2.9492666837348426e-4,0.0011060261303073454,0.19821882247924802,-0.5077990441050724,TMean
4AROA175.63,-4.954845599734318e-4,7.287748188488234e-4,0.09775073130153263,1.0673761720965755,TMean
4AROA180.21,-5.721342288212185e-4,4.0567664021943985e-4,6.506605320808113e-4,1.2237846698212755,TMean
4AROA183.64,-7.038711116097918e-4,8.939979934739716e-4,0.012418637761916854,1.4838014081709203,TMean
4AROA192.94,-7.51788168976962e-4,0.0014249143271747187,0.08219528198242186,1.5904100757177324,TMean
4ASRE046.90,0.0020343463093854862,7.565485367586829e-4,0.008564453376897102,-4.033302784701039,TMean
4ASRE048.98,0.0020889120289834546,9.029543596426569e-4,0.005337590574905074,-4.136863302463552,TMean
4ASRE052.31,8.61719318677581e-4,0.0019046658538523179,0.3583264667488803,-1.677001726167577,TMean
4ASRE056.06,9.758926148349852e-4,0.0018784378820132894,0.06515383596058258,-1.8702874451187863,TMean
4AWTH000.40,-1.334338514671394e-4,6.948377298557031e-4,0.7701112674802187,0.34973620299564945,TMean
8-NAR047.69,0.00201859335069599,0.001704363935019458,0.04125976562500001,-3.9664220010545685,TMean
8-NAR054.17,0.0012343567305854882,0.0011961717653001843,1,-2.3842539368790523,TMean
9-NEW087.14,5.527298215839281e-4,0.002256522024859304,0.11864614486694335,-1.0409894997215527,TMean
9-NEW089.34,0.0013611555345190783,6.913233944455557e-4,0.0030708312988281246,-2.661531514735354,TMean
9-NEW092.66,0.0015990311043064692,6.320626527787745e-4,0.0013066148220832723,-3.1451860412499717,TMean
9-NEW098.32,-6.837219987645023e-4,0.001232465596592144,0.1288800239562988,1.443970192952794,TMean
9-PKC000.00,0.002009654760939587,0.0012671996055789207,6.675720214843749e-5,-3.9641884993994774,TMean
9-PKC004.16,7.311660381940487e-4,0.0019036329849769118,0.14696407318115232,-1.434917506151045,TMean
2-JKS044.60,4.896314898781601e-4,0.001089354548999043,0.4099368570460952,-0.9606615575670064,TMin
2-JKS046.40,0.0013658922084666513,0.002169545000329851,0.4099368570460952,-2.7172512256489907,TMin
2-JKS048.90,0.0013352350747836493,0.0014352173740506927,0.19536693789564955,-2.6372208305214357,TMin
4ABSA000.62,2.2313196867309164e-4,5.394632731980356e-4,0.006280899047851562,-0.3699119489074676,TMin
4ABWR002.50,2.4119094962789443e-4,6.381565107119438e-4,0.23956229205866375,-0.3964868115853887,TMin
4ABWR010.55,-3.776512283795788e-4,0.0012417672400136506,0.04577395168746874,0.8473332769895949,TMin
4ABWR017.42,-0.0011388940797644933,0.0019254099622150744,0.010542432664937347,2.357391582386276,TMin
4ACCK001.80,-2.5920595925170377e-4,9.218196280411937e-4,0.6578273773193358,0.6075553994445501,TMin
4ACOA000.60,3.102619530562885e-4,8.634617649579671e-4,0.5620746612548827,-0.540079786957375,TMin
4AGIL002.39,-2.1493337052542986e-4,3.4921333983396464e-4,0.2722101211547851,0.5158211350036155,TMin
4AROA018.36,0.002707629694010124,8.531407492953683e-4,0.013671874999999998,-5.395272785754252,TMin
4AROA038.49,-6.859405735440412e-4,0.0023613386573749762,0.20605468749999997,1.483943312490533,TMin
4AROA140.66,1.2673352665635586e-4,8.9946465929058e-4,0.33026123046875006,-0.1719642640281549,TMin
4AROA145.34,4.770804201868747e-4,7.733608434267525e-4,0.05158865413944105,-0.8813645247988333,TMin
4AROA158.22,-1.1165516494099164e-6,4.5100508244711054e-4,0.7950625512136855,0.08735361890405371,TMin
4AROA163.76,6.439576492665355e-4,5.178498341358144e-4,0.04487586021423339,-1.2163261181478813,TMin
4AROA167.34,4.0590247377710563e-4,8.612703545904142e-4,0.02115464545106064,-0.7307977913171303,TMin
4AROA175.63,-2.22812361912746e-4,5.755667231865381e-4,0.2696344228274296,0.5233297094492055,TMin
4AROA180.21,-3.1266383466930115e-4,3.0947360903105567e-4,0.012418637761916854,0.7037672706558123,TMin
4AROA183.64,-1.8499818246647863e-4,6.104310930327174e-4,0.37053108215332026,0.4453772721226523,TMin
4AROA192.94,-4.974212765157488e-4,9.836630105710066e-4,0.021571159362792965,1.0758258522686979,TMin
4ASRE046.90,0.0017393008637028987,7.967073489927648e-4,0.005337590574905074,-3.4830485615844555,TMin
4ASRE048.98,0.0017718284931964397,0.0012708866632762542,0.002516496563841506,-3.541013727105788,TMin
4ASRE052.31,6.215423996586247e-4,0.0014873034342861478,0.556640625,-1.2363324463982202,TMin
4ASRE056.06,0.0034063975793501705,0.0018244231080903426,0.006780347000164037,-6.7879616558181795,TMin
4AWTH000.40,4.34813460665124e-5,8.211970427403358e-4,0.8966615941884992,-0.00765969958465843,TMin
8-NAR047.69,-6.305493249632814e-4,0.0040242163428512966,0.5244750976562501,1.3842362835594786,TMin
8-NAR054.17,7.691475004816054e-4,0.003312718871803992,0.8383602338389031,-1.430467565400798,TMin
9-NEW087.14,4.072251175341376e-4,6.971519195622894e-4,0.021372318267822262,-0.8112414921251385,TMin
9-NEW089.34,-5.591811796533555e-4,8.710336341001959e-4,0.04152512550354003,1.1570609815344644,TMin
9-NEW092.66,7.192826821184987e-4,9.928272679207365e-4,0.010313883384591884,-1.4350940771024736,TMin
9-NEW098.32,-8.087399458611206e-4,0.0012699666822011562,0.011325639022920823,1.7013521992313885,TMin
9-PKC000.00,1.3890369175074334e-4,0.0019843076010317286,0.4319114685058593,-0.22455543778962747,TMin
9-PKC004.16,9.221530660390693e-4,0.0019121018580830634,0.021571159362792965,-1.7747851245572754,TMin
2-JKS044.60,7.208824271002496e-4,0.003376265083125992,0.22383716469226875,-1.3971507993379797,TRange
2-JKS046.40,-2.5251410372302096e-4,0.0034975209521061405,0.8444601962923157,0.5268381854145361,TRange
2-JKS048.90,0.002357341805704941,0.004085082149535263,0.5047392591799147,-4.7356225236973195,TRange
4ABSA000.62,0.0010393496994913977,0.0016274266219276823,0.12807846069335935,-2.1393523201936975,TRange
4ABWR002.50,3.305062011180116e-4,0.0015118088139794528,0.28725328175897225,-0.6937210827372684,TRange
4ABWR010.55,4.2599202934655994e-4,0.002976377900780399,0.16495704650878906,-0.8954728791859434,TRange
4ABWR017.42,0.00225583433371251,0.0016346699677001351,1.9073486328125e-5,-4.542719705686462,TRange
4ACCK001.80,5.297694632527569e-4,0.0015834006234903707,0.4319114685058593,-1.0748418510191953,TRange
4ACOA000.60,-3.1659118754524774e-4,0.0029189992951267987,0.7334699630737304,0.6060321003266607,TRange
4AGIL002.39,0.0020153236787256216,0.0013356599288453638,0.01134681701660156,-4.085378194248783,TRange
4AROA018.36,-0.0011307420795831605,9.191689437321127e-4,0.17480468749999997,2.2868195917912097,TRange
4AROA038.49,0.0016061796652920859,0.0016074179158171256,0.0019531249999999998,-3.2646989627656717,TRange
4AROA140.66,-7.987377201575432e-4,0.001679293386790826,0.09460449218750001,1.5987124848825136,TRange
4AROA145.34,-5.266078387652238e-4,0.0018604766070344318,0.3793539434940021,1.0726259943195406,TRange
4AROA158.22,7.099461744103227e-4,0.0016526447340734995,0.4358460433198832,-1.4299204839906727,TRange
4AROA163.76,0.0011385973758040939,0.0012056679160754248,0.05222988128662109,-2.303382491251682,TRange
4AROA167.34,-2.3048409496217545e-4,0.0016129654845874607,0.5373086063506871,0.46379837175714966,TRange
4AROA175.63,1.9066784180651617e-4,0.0014494983091999513,0.5809809552167626,-0.3781069013252095,TRange
4AROA180.21,2.1769730576951148e-4,0.001377884417480505,0.28397296468737093,-0.4289715963243422,TRange
4AROA183.64,-1.9311519803896971e-4,8.432626861253234e-4,0.3141425226159752,0.40087394462816456,TRange
4AROA192.94,1.914263765332907e-4,4.3452775492797195e-4,0.24284172058105466,-0.3867221384863353,TRange
4ASRE046.90,-0.003159514014328085,0.0013204940058763903,0.006780347000164037,6.405075166937827,TRange
4ASRE048.98,-0.003507887228034832,7.788085387712335e-4,0.008564453376897102,7.092814665348782,TRange
4ASRE052.31,-8.024069429884802e-5,0.00182608645120602,1,0.2221518220373941,TRange
4ASRE056.06,-0.0019520267775293807,0.002685774779151102,0.09155570817720991,3.9530189679497876,TRange
4AWTH000.40,8.61875444877854e-4,0.001145449488262568,0.03212321043460454,-1.7460876344296055,TRange
8-NAR047.69,0.0023966644606428873,0.001805449964621208,0.008361816406250003,-4.848232079247925,TRange
8-NAR054.17,4.5430744428960677e-4,0.0010442654692690212,0.5402913746074198,-0.9428393299119736,TRange
9-NEW087.14,-2.3969846793082372e-4,0.0033305492723679237,0.9168474674224852,0.5210570336071926,TRange
9-NEW089.34,4.2333722059962285e-4,0.003283660983292258,0.09798812866210936,-0.8377684738604273,TRange
9-NEW092.66,-9.541104763913001e-4,0.002877894767972343,0.4169361234219422,1.9478078990225491,TRange
9-NEW098.32,0.001206553452706945,8.837167333375996e-4,0.0034767874777355957,-2.429507308286364,TRange
9-PKC000.00,0.0013024478624654708,0.003874059663350673,0.585402488708496,-2.6213351135164156,TRange
9-PKC004.16,0,4.123109548108937e-4,0.036031686218233584,0,TRange
